trade_date,code,name,open,pct_chg
2024-12-30,603516,淳中科技,50.0,10.0
2024-12-30,920190,雷神科技,27.52,8.55
2024-12-31,002218,拓日新能,3.61,9.97
2024-12-31,600579,中化装备,10.98,10.01
2024-12-31,920765,美之高,26.2,30.0
2025-01-02,001314,亿道信息,51.78,10.01
2025-01-02,001378,德冠新材,22.93,6.06
2025-01-02,002269,美邦服饰,2.03,9.8
2025-01-02,600261,阳光照明,3.28,7.34
2025-01-02,600579,中化装备,12.2,10.0
2025-01-02,920061,西磁科技,28.32,7.91
2025-01-03,002269,美邦服饰,2.28,9.82
2025-01-03,920061,西磁科技,30.98,8.16
2025-01-03,920190,雷神科技,30.0,7.48
2025-01-06,603213,镇洋发展,8.65,5.06
2025-01-06,688408,中信博,67.99,5.49
2025-01-06,920061,西磁科技,31.0,6.09
2025-01-07,000056,皇庭国际,2.5,5.65
2025-01-07,000880,潍柴重机,16.5,10.01
2025-01-07,000929,*ST兰黄,6.42,6.46
2025-01-07,002131,利欧股份,2.85,9.86
2025-01-07,002269,美邦服饰,2.31,9.92
2025-01-07,002362,汉王科技,20.54,8.93
2025-01-07,300157,新锦动力,2.66,6.06
2025-01-07,300548,长芯博创,43.14,13.85
2025-01-07,300807,天迈科技,36.37,19.99
2025-01-07,300936,中英科技,34.15,5.12
2025-01-07,301040,中环海陆,11.29,6.17
2025-01-07,301552,科力装备,51.32,5.61
2025-01-07,301577,美信科技,53.0,5.02
2025-01-07,600326,西藏天路,6.11,6.29
2025-01-07,603070,万控智造,12.33,9.97
2025-01-07,603151,邦基科技,9.62,6.13
2025-01-07,603516,淳中科技,48.0,10.0
2025-01-07,603948,建业股份,18.85,5.71
2025-01-07,688593,新相微,17.72,10.13
2025-01-07,688766,普冉股份,94.6,8.42
2025-01-07,920190,雷神科技,25.6,21.94
2025-01-07,920765,美之高,23.85,9.72
2025-01-08,002124,天邦食品,2.84,5.15
2025-01-08,002131,利欧股份,3.24,9.94
2025-01-08,003005,竞业达,26.55,5.03
2025-01-08,003021,兆威机电,71.04,10.0
2025-01-08,300807,天迈科技,43.64,19.99
2025-01-08,603070,万控智造,14.93,10.02
2025-01-08,603683,晶华新材,8.76,10.05
2025-01-09,002131,利欧股份,3.52,9.91
2025-01-09,002218,拓日新能,4.07,9.98
2025-01-09,002899,英派斯,21.01,9.99
2025-01-09,003005,竞业达,28.54,10.0
2025-01-09,003021,兆威机电,78.43,10.0
2025-01-09,300488,恒锋工具,23.3,10.32
2025-01-09,301577,美信科技,54.66,7.41
2025-01-09,603070,万控智造,15.85,9.98
2025-01-09,603683,晶华新材,10.6,9.96
2025-01-09,920061,西磁科技,33.5,7.02
2025-01-09,920357,雅葆轩,19.85,6.68
2025-01-10,002686,亿利达,5.17,9.92
2025-01-10,003021,兆威机电,87.5,6.79
2025-01-10,603213,镇洋发展,9.01,7.0
2025-01-10,688603,天承科技,73.53,11.62
2025-01-13,002747,埃斯顿,17.27,6.7
2025-01-13,300403,汉宇集团,10.2,8.65
2025-01-13,300422,博世科,4.22,5.23
2025-01-13,600615,鑫源智造,10.83,10.04
2025-01-13,603039,泛微网络,42.0,5.01
2025-01-13,603151,邦基科技,9.99,6.01
2025-01-14,000056,皇庭国际,2.52,10.0
2025-01-14,000880,潍柴重机,17.92,7.13
2025-01-14,001296,长江材料,16.63,6.27
2025-01-14,001314,亿道信息,43.5,8.16
2025-01-14,002106,莱宝高科,9.96,6.66
2025-01-14,002131,利欧股份,3.37,9.88
2025-01-14,002239,奥特佳,2.81,6.05
2025-01-14,002247,聚力文化,2.39,8.05
2025-01-14,002269,美邦服饰,2.2,10.0
2025-01-14,002273,水晶光电,19.56,5.38
2025-01-14,002362,汉王科技,22.14,6.28
2025-01-14,002527,新时达,8.7,8.37
2025-01-14,002615,哈尔斯,7.45,5.01
2025-01-14,002712,思美传媒,5.01,7.47
2025-01-14,002747,埃斯顿,18.52,5.38
2025-01-14,002774,快意电梯,6.88,6.58
2025-01-14,002832,比音勒芬,19.31,7.36
2025-01-14,002899,英派斯,21.52,6.47
2025-01-14,002945,华林证券,13.37,6.02
2025-01-14,003005,竞业达,28.01,5.25
2025-01-14,003021,兆威机电,84.56,8.77
2025-01-14,300088,长信科技,5.84,6.37
2025-01-14,300157,新锦动力,2.78,6.09
2025-01-14,300193,佳士科技,8.61,7.23
2025-01-14,300284,苏交科,9.37,6.22
2025-01-14,300310,宜通世纪,7.3,7.12
2025-01-14,300321,同大股份,20.26,8.31
2025-01-14,300403,汉宇集团,10.88,11.99
2025-01-14,300488,恒锋工具,25.1,7.12
2025-01-14,300514,友讯达,13.35,5.19
2025-01-14,300548,长芯博创,44.44,5.53
2025-01-14,300651,金陵体育,11.79,5.66
2025-01-14,300694,蠡湖股份,14.45,6.19
2025-01-14,300752,隆利科技,16.2,8.39
2025-01-14,300787,海能实业,12.14,5.85
2025-01-14,300807,天迈科技,33.13,6.72
2025-01-14,300812,易天股份,20.23,5.51
2025-01-14,300948,冠中生态,8.84,5.14
2025-01-14,301023,奕帆传动,46.94,8.39
2025-01-14,301032,新柴股份,8.85,6.53
2025-01-14,301040,中环海陆,11.63,7.77
2025-01-14,301091,深城交,42.18,6.82
2025-01-14,301101,明月镜片,36.1,9.2
2025-01-14,301129,瑞纳智能,23.27,6.18
2025-01-14,301160,翔楼新材,57.57,7.61
2025-01-14,301170,锡南科技,22.0,5.5
2025-01-14,301372,科净源,18.98,5.28
2025-01-14,301499,维科精密,23.75,6.78
2025-01-14,301552,科力装备,53.98,5.73
2025-01-14,301577,美信科技,54.68,6.06
2025-01-14,600281,华阳新材,3.08,5.19
2025-01-14,600392,盛和资源,10.4,6.04
2025-01-14,600562,国睿科技,17.6,5.53
2025-01-14,600579,中化装备,7.94,10.01
2025-01-14,600640,国脉文化,11.2,5.49
2025-01-14,600728,佳都科技,4.25,5.69
2025-01-14,603019,中科曙光,61.87,5.67
2025-01-14,603070,万控智造,13.01,6.62
2025-01-14,603151,邦基科技,10.6,5.29
2025-01-14,603328,依顿电子,8.83,6.02
2025-01-14,603350,安乃达,30.9,10.02
2025-01-14,603516,淳中科技,50.78,7.51
2025-01-14,688036,传音控股,88.63,5.28
2025-01-14,688056,莱伯泰科,26.85,5.94
2025-01-14,688206,概伦电子,17.96,6.74
2025-01-14,688337,普源精电,37.34,6.53
2025-01-14,688403,汇成股份,7.99,5.67
2025-01-14,688408,中信博,68.05,6.79
2025-01-14,688478,晶升股份,26.66,5.31
2025-01-14,688479,友车科技,15.85,5.29
2025-01-14,688565,力源科技,5.32,5.67
2025-01-14,688584,上海合晶,18.0,5.58
2025-01-14,688766,普冉股份,103.9,8.33
2025-01-14,920061,西磁科技,31.33,7.63
2025-01-14,920190,雷神科技,26.86,10.46
2025-01-14,920339,恒太照明,8.43,5.71
2025-01-14,920357,雅葆轩,19.5,10.85
2025-01-14,920765,美之高,24.7,8.95
2025-01-14,920839,万通液压,16.12,10.7
2025-01-15,002131,利欧股份,4.03,10.08
2025-01-15,002712,思美传媒,5.33,10.04
2025-01-15,603151,邦基科技,11.07,6.55
2025-01-15,920061,西磁科技,33.03,7.3
2025-01-16,002269,美邦服饰,2.43,6.72
2025-01-16,002712,思美传媒,5.9,10.0
2025-01-16,300157,新锦动力,2.93,7.59
2025-01-16,300548,长芯博创,45.66,10.61
2025-01-16,300807,天迈科技,33.01,6.98
2025-01-16,301166,优宁维,27.37,5.32
2025-01-16,603551,奥普科技,10.47,5.6
2025-01-16,688056,莱伯泰科,28.14,12.4
2025-01-16,920765,美之高,25.41,9.43
2025-01-16,920839,万通液压,18.5,8.73
2025-01-17,300321,同大股份,22.0,7.29
2025-01-17,600562,国睿科技,18.0,6.32
2025-01-17,603328,依顿电子,9.25,8.18
2025-01-20,000880,潍柴重机,19.73,9.98
2025-01-20,002615,哈尔斯,8.4,10.0
2025-01-20,300548,长芯博创,50.25,5.68
2025-01-20,300694,蠡湖股份,14.87,6.19
2025-01-20,300936,中英科技,38.12,6.06
2025-01-20,920839,万通液压,19.26,5.19
2025-01-21,000880,潍柴重机,21.0,10.0
2025-01-21,002124,天邦食品,2.92,5.15
2025-01-21,003021,兆威机电,95.51,10.0
2025-01-21,300422,博世科,5.32,20.09
2025-01-21,300488,恒锋工具,27.3,5.33
2025-01-21,300548,长芯博创,51.9,14.47
2025-01-21,301160,翔楼新材,57.44,15.98
2025-01-21,600579,中化装备,8.69,9.98
2025-01-21,603516,淳中科技,51.92,6.34
2025-01-21,688766,普冉股份,111.15,7.99
2025-01-21,920190,雷神科技,29.63,7.0
2025-01-22,002131,利欧股份,3.6,5.23
2025-01-22,600579,中化装备,9.85,10.04
2025-01-22,600803,新奥股份,19.76,5.1
2025-01-23,002945,华林证券,15.98,10.02
2025-01-23,603516,淳中科技,55.88,5.88
2025-01-24,001314,亿道信息,45.5,6.71
2025-01-24,001380,华纬科技,23.2,10.0
2025-01-24,002362,汉王科技,22.88,10.02
2025-01-24,300403,汉宇集团,12.5,6.83
2025-01-24,300548,长芯博创,56.84,7.91
2025-01-24,600640,国脉文化,11.41,5.25
2025-01-24,603039,泛微网络,49.04,10.01
2025-01-24,688766,普冉股份,115.0,6.04
2025-01-27,001380,华纬科技,26.84,10.01
2025-01-27,003005,竞业达,32.42,10.01
2025-01-27,600261,阳光照明,3.55,9.91
2025-01-27,600758,辽宁能源,3.5,10.06
2025-01-27,603039,泛微网络,55.78,9.99
2025-02-05,002131,利欧股份,3.75,9.89
2025-02-05,002747,埃斯顿,18.5,5.23
2025-02-05,003005,竞业达,35.66,9.99
2025-02-05,003021,兆威机电,96.16,8.29
2025-02-05,300284,苏交科,9.6,6.54
2025-02-05,300572,安车检测,14.89,9.93
2025-02-05,301040,中环海陆,12.26,5.05
2025-02-05,301091,深城交,42.2,6.54
2025-02-05,600261,阳光照明,3.91,10.14
2025-02-05,600728,佳都科技,4.68,5.3
2025-02-05,603019,中科曙光,70.0,7.63
2025-02-05,603039,泛微网络,63.0,10.0
2025-02-05,688036,传音控股,104.45,7.09
2025-02-05,920061,西磁科技,29.64,7.1
2025-02-05,920190,雷神科技,30.97,5.52
2025-02-06,002273,水晶光电,21.95,5.32
2025-02-06,002594,比亚迪,282.81,10.0
2025-02-06,002747,埃斯顿,19.01,6.23
2025-02-06,002899,英派斯,23.81,6.08
2025-02-06,003021,兆威机电,99.99,10.0
2025-02-06,300284,苏交科,10.1,5.84
2025-02-06,300310,宜通世纪,7.23,8.36
2025-02-06,300403,汉宇集团,12.35,12.55
2025-02-06,300488,恒锋工具,29.57,8.08
2025-02-06,300548,长芯博创,51.0,7.81
2025-02-06,300694,蠡湖股份,13.9,10.02
2025-02-06,300807,天迈科技,33.33,7.56
2025-02-06,300811,铂科新材,49.8,5.32
2025-02-06,301023,奕帆传动,52.2,5.74
2025-02-06,301091,深城交,44.9,5.78
2025-02-06,301101,明月镜片,43.28,9.8
2025-02-06,301160,翔楼新材,61.49,7.09
2025-02-06,603039,泛微网络,64.26,6.92
2025-02-06,603150,万朗磁塑,26.78,9.99
2025-02-06,688337,普源精电,35.25,6.14
2025-02-06,688375,国博电子,45.54,6.88
2025-02-06,688478,晶升股份,28.47,5.43
2025-02-06,688653,康希通信,12.38,10.3
2025-02-06,920061,西磁科技,30.89,5.51
2025-02-06,920190,雷神科技,30.23,12.75
2025-02-06,920357,雅葆轩,19.0,5.29
2025-02-06,920765,美之高,21.33,5.62
2025-02-06,920839,万通液压,17.79,8.28
2025-02-07,000550,江铃汽车,23.48,5.14
2025-02-07,002459,晶澳科技,12.98,5.69
2025-02-07,002594,比亚迪,320.0,5.09
2025-02-07,002945,华林证券,14.9,7.55
2025-02-07,003005,竞业达,34.29,10.01
2025-02-07,300651,金陵体育,13.19,7.79
2025-02-07,301030,仕净科技,18.96,20.0
2025-02-07,600741,华域汽车,16.93,6.47
2025-02-07,603150,万朗磁塑,32.34,10.0
2025-02-07,688653,康希通信,14.48,6.47
2025-02-07,920190,雷神科技,33.99,6.32
2025-02-10,000056,皇庭国际,2.8,10.0
2025-02-10,000880,潍柴重机,19.15,5.36
2025-02-10,002131,利欧股份,4.14,9.93
2025-02-10,002628,成都路桥,4.32,5.52
2025-02-10,002739,万达电影,11.23,6.2
2025-02-10,002899,英派斯,24.8,10.0
2025-02-10,300321,同大股份,22.48,5.51
2025-02-10,300347,泰格医药,52.0,5.7
2025-02-10,300406,九强生物,13.64,6.47
2025-02-10,300488,恒锋工具,30.62,5.79
2025-02-10,300548,长芯博创,54.99,5.78
2025-02-10,300572,安车检测,16.94,7.18
2025-02-10,301129,瑞纳智能,24.25,5.15
2025-02-10,301160,翔楼新材,67.65,6.99
2025-02-10,600579,中化装备,8.49,9.99
2025-02-10,605567,春雪食品,8.68,6.11
2025-02-10,688479,友车科技,18.84,7.02
2025-02-10,688653,康希通信,14.75,6.35
2025-02-10,688793,倍轻松,27.35,6.47
2025-02-10,920765,美之高,22.95,8.85
2025-02-11,000056,皇庭国际,3.14,10.06
2025-02-11,300218,安利股份,16.14,5.07
2025-02-11,301160,翔楼新材,70.0,5.49
2025-02-11,301567,贝隆精密,43.18,5.36
2025-02-11,920190,雷神科技,38.92,14.95
2025-02-12,000880,潍柴重机,20.01,10.01
2025-02-12,002739,万达电影,11.84,5.89
2025-02-12,002945,华林证券,16.1,6.0
2025-02-12,003021,兆威机电,116.86,9.88
2025-02-12,300488,恒锋工具,32.17,6.36
2025-02-12,300694,蠡湖股份,15.66,6.11
2025-02-12,688584,上海合晶,17.45,7.08
2025-02-12,688603,天承科技,74.54,5.03
2025-02-12,688653,康希通信,15.0,6.48
2025-02-13,002269,美邦服饰,2.13,9.81
2025-02-13,002694,顾地科技,4.44,9.95
2025-02-13,002739,万达电影,12.53,9.99
2025-02-13,301160,翔楼新材,74.0,5.72
2025-02-13,688639,华恒生物,28.05,6.2
2025-02-14,000880,潍柴重机,20.92,9.99
2025-02-14,300321,同大股份,24.57,7.14
2025-02-14,300347,泰格医药,52.74,5.65
2025-02-14,300406,九强生物,14.22,8.16
2025-02-14,603039,泛微网络,70.21,10.0
2025-02-14,603566,普莱柯,12.58,8.85
2025-02-17,000056,皇庭国际,3.17,10.13
2025-02-17,000880,潍柴重机,23.78,6.95
2025-02-17,002377,国创高新,2.9,5.54
2025-02-17,002527,新时达,11.17,10.05
2025-02-17,002686,亿利达,5.48,9.98
2025-02-17,002747,埃斯顿,20.16,5.21
2025-02-17,003021,兆威机电,112.0,6.29
2025-02-17,300310,宜通世纪,7.91,5.18
2025-02-17,300321,同大股份,26.72,13.56
2025-02-17,300548,长芯博创,55.61,9.27
2025-02-17,300862,蓝盾光电,26.8,7.53
2025-02-17,301058,中粮科工,11.38,13.02
2025-02-17,603070,万控智造,13.66,9.99
2025-02-17,603516,淳中科技,51.08,10.0
2025-02-17,688639,华恒生物,30.41,12.16
2025-02-18,002527,新时达,12.29,10.03
2025-02-18,300936,中英科技,39.75,5.6
2025-02-18,600326,西藏天路,6.16,10.08
2025-02-19,001314,亿道信息,48.5,6.03
2025-02-19,001380,华纬科技,25.0,10.0
2025-02-19,002527,新时达,13.52,10.01
2025-02-19,002747,埃斯顿,20.97,6.55
2025-02-19,002774,快意电梯,7.3,5.77
2025-02-19,003005,竞业达,37.26,10.01
2025-02-19,003021,兆威机电,115.0,8.11
2025-02-19,300403,汉宇集团,13.41,8.71
2025-02-19,300406,九强生物,15.66,5.36
2025-02-19,300488,恒锋工具,31.8,20.01
2025-02-19,300572,安车检测,17.71,7.56
2025-02-19,300862,蓝盾光电,26.81,8.12
2025-02-19,301023,奕帆传动,54.43,14.95
2025-02-19,301058,中粮科工,11.8,5.19
2025-02-19,301101,明月镜片,43.36,7.31
2025-02-19,301160,翔楼新材,72.92,9.56
2025-02-19,600435,北方导航,10.0,5.01
2025-02-19,603350,安乃达,33.1,5.9
2025-02-19,688337,普源精电,35.08,6.65
2025-02-19,688478,晶升股份,29.6,5.23
2025-02-19,688593,新相微,19.6,5.22
2025-02-19,688766,普冉股份,105.52,5.28
2025-02-19,920061,西磁科技,32.57,6.25
2025-02-19,920357,雅葆轩,20.73,8.05
2025-02-19,920839,万通液压,18.76,7.29
2025-02-20,001314,亿道信息,56.65,10.0
2025-02-20,002106,莱宝高科,10.8,5.36
2025-02-20,002273,水晶光电,23.51,10.0
2025-02-20,002527,新时达,14.87,9.99
2025-02-20,300347,泰格医药,54.64,8.97
2025-02-20,300752,隆利科技,18.69,13.48
2025-02-20,301101,明月镜片,51.29,20.0
2025-02-20,603150,万朗磁塑,34.45,5.07
2025-02-20,603328,依顿电子,10.6,5.67
2025-02-20,688337,普源精电,39.11,5.24
2025-02-20,688356,键凯科技,54.44,7.19
2025-02-20,920190,雷神科技,41.94,16.46
2025-02-20,920357,雅葆轩,23.61,5.1
2025-02-20,920839,万通液压,20.49,5.81
2025-02-21,000880,潍柴重机,25.81,10.0
2025-02-21,002527,新时达,16.36,10.02
2025-02-21,002594,比亚迪,366.0,5.57
2025-02-21,300488,恒锋工具,38.0,6.79
2025-02-21,301023,奕帆传动,60.99,9.59
2025-02-21,301032,新柴股份,9.66,5.18
2025-02-21,603000,人民网,23.44,5.49
2025-02-21,603019,中科曙光,73.8,5.4
2025-02-21,603039,泛微网络,69.1,5.22
2025-02-21,603516,淳中科技,54.07,5.27
2025-02-21,688793,倍轻松,27.96,10.45
2025-02-24,000880,潍柴重机,26.86,10.0
2025-02-24,002527,新时达,18.0,10.02
2025-02-24,002628,成都路桥,4.51,5.15
2025-02-24,002747,埃斯顿,23.64,6.12
2025-02-24,300284,苏交科,11.3,5.18
2025-02-24,300310,宜通世纪,8.27,10.75
2025-02-24,300403,汉宇集团,15.77,8.05
2025-02-24,300406,九强生物,16.95,5.34
2025-02-24,301160,翔楼新材,80.55,9.62
2025-02-24,688356,键凯科技,59.0,13.33
2025-02-24,688766,普冉股份,116.5,7.78
2025-02-24,920061,西磁科技,34.0,5.27
2025-02-25,000880,潍柴重机,27.4,10.0
2025-02-25,003021,兆威机电,126.0,9.82
2025-02-25,300403,汉宇集团,16.4,7.81
2025-02-25,300488,恒锋工具,40.27,20.0
2025-02-25,301030,仕净科技,22.42,6.97
2025-02-25,301101,明月镜片,54.08,10.41
2025-02-25,603150,万朗磁塑,36.15,6.0
2025-02-25,688375,国博电子,50.0,6.0
2025-02-26,000056,皇庭国际,3.23,10.09
2025-02-26,001378,德冠新材,23.41,5.54
2025-02-26,001380,华纬科技,29.55,10.0
2025-02-26,002459,晶澳科技,13.02,5.05
2025-02-26,003021,兆威机电,141.71,10.0
2025-02-26,300403,汉宇集团,17.92,17.1
2025-02-26,301023,奕帆传动,65.47,5.57
2025-02-26,603081,大丰实业,13.56,6.67
2025-02-26,603516,淳中科技,54.2,5.56
2025-02-26,688408,中信博,54.7,12.16
2025-02-26,688593,新相微,20.55,6.86
2025-02-26,920839,万通液压,21.22,8.16
2025-02-27,002508,老板电器,21.09,5.04
2025-02-27,002527,新时达,17.58,6.42
2025-02-27,002747,埃斯顿,25.61,7.34
2025-02-27,300694,蠡湖股份,16.89,5.33
2025-02-27,603070,万控智造,14.84,9.97
2025-02-27,688593,新相微,22.05,5.51
2025-02-27,920839,万通液压,22.49,7.29
2025-02-28,301032,新柴股份,10.59,7.72
2025-02-28,603683,晶华新材,11.08,9.98
2025-02-28,688403,汇成股份,9.62,7.84
2025-03-03,000056,皇庭国际,3.23,9.94
2025-03-03,002615,哈尔斯,7.96,5.06
2025-03-03,300694,蠡湖股份,17.74,6.86
2025-03-03,301173,毓恬冠佳,80.0,149.17
2025-03-03,301552,科力装备,53.1,7.1
2025-03-03,600281,华阳新材,3.49,9.94
2025-03-03,603039,泛微网络,63.99,5.22
2025-03-03,603683,晶华新材,13.45,9.98
2025-03-03,603855,华荣股份,22.31,10.01
2025-03-03,920061,西磁科技,36.99,14.76
2025-03-03,920339,恒太照明,8.88,8.44
2025-03-03,920839,万通液压,23.7,11.92
2025-03-04,000056,皇庭国际,3.55,9.89
2025-03-04,002180,纳思达,26.0,6.89
2025-03-04,002774,快意电梯,7.79,5.45
2025-03-04,003021,兆威机电,135.99,9.93
2025-03-04,300321,同大股份,30.49,10.53
2025-03-04,301023,奕帆传动,64.8,9.62
2025-03-04,600435,北方导航,10.51,5.42
2025-03-04,600562,国睿科技,19.1,6.1
2025-03-04,603725,天安新材,6.45,5.87
2025-03-04,603855,华荣股份,24.54,10.0
2025-03-04,688206,概伦电子,19.21,6.82
2025-03-04,688488,艾迪药业,8.46,11.31
2025-03-04,688793,倍轻松,29.58,10.89
2025-03-04,920357,雅葆轩,23.16,7.19
2025-03-04,920765,美之高,22.61,9.91
2025-03-05,001380,华纬科技,29.68,7.64
2025-03-05,002867,周大生,12.68,5.67
2025-03-05,002899,英派斯,24.15,7.35
2025-03-05,003021,兆威机电,146.03,10.0
2025-03-05,300349,金卡智能,13.62,5.38
2025-03-05,300514,友讯达,15.53,5.29
2025-03-05,300548,长芯博创,42.32,5.89
2025-03-05,301160,翔楼新材,83.55,7.86
2025-03-05,920190,雷神科技,38.4,5.22
2025-03-06,000880,潍柴重机,28.8,9.99
2025-03-06,002712,思美传媒,5.7,6.34
2025-03-06,003005,竞业达,37.37,10.0
2025-03-06,301032,新柴股份,10.82,19.96
2025-03-06,301101,明月镜片,56.5,5.14
2025-03-06,600728,佳都科技,5.35,9.98
2025-03-06,603039,泛微网络,74.21,10.01
2025-03-06,603855,华荣股份,23.6,8.38
2025-03-06,688488,艾迪药业,9.47,7.37
2025-03-06,688687,凯因科技,22.8,5.09
2025-03-06,688793,倍轻松,34.38,8.72
2025-03-07,001380,华纬科技,30.71,6.51
2025-03-07,002131,利欧股份,4.24,6.6
2025-03-07,301023,奕帆传动,69.95,7.5
2025-03-07,301160,翔楼新材,91.0,5.26
2025-03-07,600281,华阳新材,3.73,9.92
2025-03-07,600728,佳都科技,6.42,9.93
2025-03-07,603039,泛微网络,81.63,9.82
2025-03-07,920839,万通液压,25.31,11.6
2025-03-10,000929,*ST兰黄,6.56,9.97
2025-03-10,002628,成都路桥,4.6,5.95
2025-03-10,300752,隆利科技,21.21,6.53
2025-03-10,301032,新柴股份,11.32,6.52
2025-03-10,301170,锡南科技,25.82,5.47
2025-03-10,603151,邦基科技,11.36,6.16
2025-03-10,688032,禾迈股份,107.81,6.99
2025-03-10,920339,恒太照明,9.72,8.84
2025-03-11,000655,金岭矿业,6.53,9.97
2025-03-11,000880,潍柴重机,29.5,10.01
2025-03-11,002377,国创高新,2.71,9.89
2025-03-11,301032,新柴股份,11.88,6.12
2025-03-11,301160,翔楼新材,90.08,10.32
2025-03-11,600392,盛和资源,11.5,5.09
2025-03-11,603150,万朗磁塑,35.53,5.01
2025-03-11,688375,国博电子,53.0,8.32
2025-03-11,920061,西磁科技,39.19,9.22
2025-03-11,920339,恒太照明,10.72,6.7
2025-03-11,920839,万通液压,26.51,6.41
2025-03-12,000880,潍柴重机,35.59,10.0
2025-03-12,002749,国光股份,13.19,5.99
2025-03-12,002867,周大生,13.23,5.37
2025-03-12,300488,恒锋工具,44.88,5.41
2025-03-12,301032,新柴股份,13.2,8.23
2025-03-12,301160,翔楼新材,97.52,8.34
2025-03-12,600728,佳都科技,5.84,7.13
2025-03-12,603150,万朗磁塑,38.7,6.49
2025-03-13,000880,潍柴重机,36.64,9.99
2025-03-13,300936,中英科技,42.8,14.91
2025-03-13,301032,新柴股份,13.79,19.97
2025-03-14,002106,莱宝高科,11.77,7.42
2025-03-14,002594,比亚迪,357.0,6.05
2025-03-14,300422,博世科,4.29,5.35
2025-03-14,300966,共同药业,17.01,16.75
2025-03-14,301567,贝隆精密,43.12,5.28
2025-03-14,600774,汉商集团,7.61,10.03
2025-03-14,688488,艾迪药业,9.1,5.71
2025-03-14,688603,天承科技,69.18,8.63
2025-03-14,920339,恒太照明,11.7,12.46
2025-03-14,920765,美之高,23.04,8.22
2025-03-17,001914,招商积余,11.38,9.96
2025-03-17,002899,英派斯,24.85,10.02
2025-03-17,300157,新锦动力,3.37,7.19
2025-03-17,300321,同大股份,29.75,6.12
2025-03-17,300403,汉宇集团,17.8,8.37
2025-03-17,301032,新柴股份,16.38,8.42
2025-03-17,301160,翔楼新材,104.96,7.23
2025-03-17,603183,建研院,4.39,10.09
2025-03-17,603516,淳中科技,56.0,5.06
2025-03-17,688056,莱伯泰科,31.79,9.97
2025-03-17,688206,概伦电子,20.28,6.84
2025-03-17,920339,恒太照明,12.7,14.62
2025-03-17,920839,万通液压,30.01,8.23
2025-03-18,001380,华纬科技,32.12,5.2
2025-03-18,300193,佳士科技,10.25,5.39
2025-03-18,301032,新柴股份,17.6,9.69
2025-03-18,603683,晶华新材,11.75,6.57
2025-03-18,688766,普冉股份,112.5,7.76
2025-03-18,920839,万通液压,31.53,19.28
2025-03-19,301160,翔楼新材,107.8,5.81
2025-03-19,688206,概伦电子,20.99,9.32
2025-03-19,688793,倍轻松,32.45,5.99
2025-03-19,920765,美之高,26.6,7.01
2025-03-20,600758,辽宁能源,3.87,10.08
2025-03-20,600876,凯盛新能,9.9,9.98
2025-03-20,920839,万通液压,33.5,8.63
2025-03-21,002014,永新股份,11.97,8.14
2025-03-21,300807,天迈科技,38.76,5.51
2025-03-21,600579,中化装备,8.32,9.99
2025-03-21,688793,倍轻松,33.88,6.65
2025-03-24,000056,皇庭国际,3.59,6.39
2025-03-24,301030,仕净科技,23.36,5.45
2025-03-25,301023,奕帆传动,62.76,6.26
2025-03-25,600758,辽宁能源,4.35,6.53
2025-03-25,603081,大丰实业,16.52,9.99
2025-03-26,001380,华纬科技,31.78,5.05
2025-03-26,002527,新时达,14.0,6.42
2025-03-26,002686,亿利达,6.43,9.94
2025-03-26,300321,同大股份,27.68,6.39
2025-03-26,300403,汉宇集团,16.66,5.7
2025-03-26,301156,美农生物,13.26,5.68
2025-03-26,603350,安乃达,36.26,5.24
2025-03-26,688488,艾迪药业,9.14,6.54
2025-03-27,002111,威海广泰,11.19,5.17
2025-03-27,002686,亿利达,7.79,10.03
2025-03-27,002749,国光股份,14.8,10.02
2025-03-27,003043,华亚智能,50.1,5.47
2025-03-27,688687,凯因科技,23.9,5.4
2025-03-28,601811,新华文轩,14.72,9.99
2025-03-28,920029,开发科技,73.5,150.36
2025-03-31,000880,潍柴重机,29.28,10.01
2025-03-31,300193,佳士科技,10.49,12.69
2025-03-31,300812,易天股份,19.41,5.46
2025-03-31,301032,新柴股份,13.94,5.81
2025-03-31,603039,泛微网络,63.56,5.78
2025-03-31,920029,开发科技,74.85,8.81
2025-04-01,300347,泰格医药,51.21,5.63
2025-04-01,301156,美农生物,14.11,13.12
2025-04-01,603213,镇洋发展,9.5,6.24
2025-04-01,688161,威高骨科,27.28,8.39
2025-04-01,688356,键凯科技,57.53,6.68
2025-04-01,688488,艾迪药业,10.25,10.85
2025-04-01,688603,天承科技,68.52,5.06
2025-04-01,688687,凯因科技,25.14,6.66
2025-04-01,920061,西磁科技,34.3,5.58
2025-04-02,000880,潍柴重机,34.25,7.17
2025-04-02,003043,华亚智能,49.77,5.56
2025-04-02,300321,同大股份,30.86,5.63
2025-04-02,301023,奕帆传动,61.23,7.19
2025-04-03,301156,美农生物,15.11,20.03
2025-04-03,603566,普莱柯,12.33,5.24
2025-04-03,920029,开发科技,86.21,9.1
2025-04-03,920061,西磁科技,38.46,5.5
2025-04-03,920839,万通液压,25.98,5.42
2025-04-07,301156,美农生物,22.37,20.01
2025-04-08,000860,顺鑫农业,15.5,9.52
2025-04-08,002749,国光股份,15.06,8.29
2025-04-08,300157,新锦动力,2.42,5.37
2025-04-08,300284,苏交科,7.94,7.86
2025-04-08,300321,同大股份,29.34,6.36
2025-04-08,300948,冠中生态,8.08,5.05
2025-04-08,300966,共同药业,13.83,5.69
2025-04-08,301032,新柴股份,12.03,19.96
2025-04-08,301040,中环海陆,13.5,6.91
2025-04-08,301058,中粮科工,9.89,20.04
2025-04-08,301091,深城交,30.0,6.98
2025-04-08,301156,美农生物,25.0,19.98
2025-04-08,600251,冠农股份,6.9,7.35
2025-04-08,600392,盛和资源,10.21,5.0
2025-04-08,603151,邦基科技,11.59,6.53
2025-04-08,603566,普莱柯,12.4,10.04
2025-04-08,605567,春雪食品,8.05,6.06
2025-04-08,688403,汇成股份,7.78,5.87
2025-04-08,688488,艾迪药业,9.6,6.94
2025-04-08,688639,华恒生物,26.75,11.21
2025-04-08,688687,凯因科技,25.0,7.63
2025-04-08,920061,西磁科技,31.9,16.36
2025-04-08,920765,美之高,16.0,8.47
2025-04-08,920839,万通液压,23.6,7.01
2025-04-09,000655,金岭矿业,6.15,5.54
2025-04-09,002302,西部建设,5.64,6.08
2025-04-09,003043,华亚智能,47.41,5.73
2025-04-09,300572,安车检测,15.96,9.15
2025-04-09,301040,中环海陆,13.86,15.52
2025-04-09,301058,中粮科工,12.65,19.97
2025-04-09,301156,美农生物,31.0,16.99
2025-04-09,301160,翔楼新材,68.18,5.26
2025-04-09,600326,西藏天路,6.0,7.44
2025-04-09,600435,北方导航,10.3,8.31
2025-04-09,600562,国睿科技,18.79,5.69
2025-04-09,603019,中科曙光,60.5,5.47
2025-04-09,603081,大丰实业,9.5,7.11
2025-04-09,688056,莱伯泰科,27.81,12.03
2025-04-09,688337,普源精电,31.5,10.46
2025-04-09,688375,国博电子,48.61,6.89
2025-04-09,688488,艾迪药业,9.9,7.47
2025-04-09,688584,上海合晶,14.08,5.6
2025-04-09,688603,天承科技,56.6,9.27
2025-04-09,920190,雷神科技,23.04,8.9
2025-04-09,920339,恒太照明,9.75,9.36
2025-04-09,920357,雅葆轩,16.75,10.01
2025-04-09,920765,美之高,16.5,10.62
2025-04-09,920839,万通液压,23.66,14.87
2025-04-10,000880,潍柴重机,35.9,10.0
2025-04-10,002269,美邦服饰,1.67,10.3
2025-04-10,002615,哈尔斯,6.8,5.88
2025-04-10,002899,英派斯,17.03,9.99
2025-04-10,003043,华亚智能,50.3,5.6
2025-04-10,300218,安利股份,13.58,5.11
2025-04-10,300403,汉宇集团,13.85,5.63
2025-04-10,300548,长芯博创,32.86,6.24
2025-04-10,300651,金陵体育,12.96,5.78
2025-04-10,300694,蠡湖股份,11.82,5.29
2025-04-10,300966,共同药业,15.51,5.01
2025-04-10,301160,翔楼新材,80.0,6.53
2025-04-10,301206,三元生物,25.29,20.0
2025-04-10,600774,汉商集团,7.11,10.01
2025-04-10,603150,万朗磁塑,28.5,5.89
2025-04-10,603235,天新药业,27.2,6.29
2025-04-10,603948,建业股份,16.48,9.78
2025-04-10,688176,亚虹医药-U,7.56,5.16
2025-04-10,688356,键凯科技,55.01,6.02
2025-04-10,688478,晶升股份,26.25,7.45
2025-04-10,688488,艾迪药业,11.02,11.07
2025-04-10,688593,新相微,15.99,9.14
2025-04-10,920190,雷神科技,28.4,7.79
2025-04-10,920339,恒太照明,10.7,6.46
2025-04-10,920357,雅葆轩,20.42,5.76
2025-04-10,920765,美之高,20.0,29.97
2025-04-11,001296,长江材料,15.7,10.0
2025-04-11,002180,纳思达,22.73,6.41
2025-04-11,002594,比亚迪,337.0,5.52
2025-04-11,003021,兆威机电,101.07,10.0
2025-04-11,301040,中环海陆,16.5,6.71
2025-04-11,301160,翔楼新材,78.98,10.49
2025-04-11,603281,江瀚新材,23.32,10.0
2025-04-11,688056,莱伯泰科,33.18,7.32
2025-04-11,688337,普源精电,35.65,9.3
2025-04-11,688478,晶升股份,27.75,5.33
2025-04-11,688653,康希通信,11.1,6.79
2025-04-11,688766,普冉股份,92.06,7.34
2025-04-14,000031,大悦城,2.59,10.16
2025-04-14,000880,潍柴重机,37.62,5.01
2025-04-14,002247,聚力文化,2.28,5.31
2025-04-14,002675,东诚药业,13.15,10.03
2025-04-14,002749,国光股份,15.5,5.37
2025-04-14,002899,英派斯,19.89,10.02
2025-04-14,300651,金陵体育,13.86,19.98
2025-04-14,301101,明月镜片,50.83,5.17
2025-04-14,603516,淳中科技,39.28,5.32
2025-04-14,688176,亚虹医药-U,7.9,5.53
2025-04-14,920029,开发科技,82.7,7.29
2025-04-14,920339,恒太照明,11.38,7.6
2025-04-14,920357,雅葆轩,23.79,9.33
2025-04-14,920765,美之高,21.56,14.36
2025-04-15,002675,东诚药业,14.26,5.19
2025-04-15,002712,思美传媒,5.25,10.1
2025-04-15,600373,中文传媒,11.03,5.89
2025-04-15,688356,键凯科技,56.16,6.5
2025-04-15,688603,天承科技,68.06,6.44
2025-04-15,920029,开发科技,88.5,14.76
2025-04-16,688653,康希通信,11.68,5.02
2025-04-17,603039,泛微网络,62.41,10.0
2025-04-17,603683,晶华新材,10.26,5.07
2025-04-17,920839,万通液压,29.49,21.49
2025-04-21,000880,潍柴重机,32.33,8.7
2025-04-21,002131,利欧股份,3.2,10.0
2025-04-21,002899,英派斯,19.95,6.7
2025-04-21,003005,竞业达,29.0,6.03
2025-04-21,003021,兆威机电,108.11,5.89
2025-04-21,301101,明月镜片,46.84,5.55
2025-04-21,301160,翔楼新材,87.0,7.28
2025-04-21,600562,国睿科技,18.68,10.01
2025-04-21,688488,艾迪药业,10.7,5.84
2025-04-21,688584,上海合晶,15.98,6.95
2025-04-21,920029,开发科技,101.0,15.9
2025-04-22,300572,安车检测,17.48,5.98
2025-04-22,301040,中环海陆,18.98,14.42
2025-04-22,600876,凯盛新能,8.93,10.04
2025-04-22,688403,汇成股份,8.61,5.19
2025-04-22,688584,上海合晶,16.81,6.33
2025-04-23,001380,华纬科技,28.85,9.99
2025-04-23,003021,兆威机电,117.76,10.0
2025-04-23,300403,汉宇集团,14.63,10.92
2025-04-23,300488,恒锋工具,31.39,5.22
2025-04-23,300694,蠡湖股份,12.72,5.0
2025-04-23,300752,隆利科技,18.9,5.33
2025-04-23,301023,奕帆传动,58.11,6.16
2025-04-23,301040,中环海陆,20.98,6.96
2025-04-23,301091,深城交,33.96,5.01
2025-04-23,301160,翔楼新材,94.37,11.08
2025-04-23,301552,科力装备,50.66,6.99
2025-04-23,600615,鑫源智造,12.34,10.03
2025-04-23,688793,倍轻松,27.54,10.22
2025-04-24,600615,鑫源智造,14.36,10.04
2025-04-24,605567,春雪食品,9.43,5.82
2025-04-25,300548,长芯博创,34.68,5.74
2025-04-25,301129,瑞纳智能,21.04,6.29
2025-04-25,600728,佳都科技,4.84,5.14
2025-04-28,300157,新锦动力,2.85,19.92
2025-04-28,600281,华阳新材,3.56,9.91
2025-04-28,688488,艾迪药业,10.5,8.61
2025-04-28,688565,力源科技,7.13,6.08
2025-04-29,002131,利欧股份,3.48,9.91
2025-04-29,002527,新时达,12.92,7.39
2025-04-29,300157,新锦动力,3.35,10.97
2025-04-29,300403,汉宇集团,15.38,6.13
2025-04-29,300548,长芯博创,43.77,20.01
2025-04-29,301372,科净源,16.84,12.65
2025-04-29,600281,华阳新材,3.68,10.11
2025-04-29,600774,汉商集团,7.41,9.97
2025-04-29,603855,华荣股份,19.96,8.37
2025-04-29,688593,新相微,16.06,12.63
2025-04-29,920357,雅葆轩,21.18,8.31
2025-04-30,000929,*ST兰黄,5.76,5.03
2025-04-30,300862,蓝盾光电,22.49,5.6
2025-04-30,301101,明月镜片,49.26,9.23
2025-04-30,600281,华阳新材,4.16,5.46
2025-04-30,600774,汉商集团,8.98,10.05
2025-04-30,603811,诚意药业,8.93,6.1
2025-04-30,688206,概伦电子,21.41,6.25
2025-04-30,688403,汇成股份,8.88,8.06
2025-04-30,688488,艾迪药业,11.48,6.34
2025-04-30,688687,凯因科技,24.57,8.3
2025-04-30,688766,普冉股份,87.0,5.15
2025-04-30,920190,雷神科技,31.42,9.75
2025-05-06,000880,潍柴重机,36.67,6.18
2025-05-06,001380,华纬科技,33.0,7.16
2025-05-06,002106,莱宝高科,9.82,10.03
2025-05-06,002131,利欧股份,3.79,6.43
2025-05-06,002362,汉王科技,20.98,5.55
2025-05-06,002527,新时达,14.55,5.89
2025-05-06,300157,新锦动力,3.44,6.98
2025-05-06,300403,汉宇集团,16.85,8.5
2025-05-06,300548,长芯博创,46.96,6.25
2025-05-06,300572,安车检测,18.0,5.01
2025-05-06,300811,铂科新材,41.0,5.27
2025-05-06,300862,蓝盾光电,23.81,5.26
2025-05-06,301372,科净源,19.22,6.51
2025-05-06,600281,华阳新材,3.98,10.12
2025-05-06,600392,盛和资源,10.91,10.02
2025-05-06,600728,佳都科技,5.25,6.0
2025-05-06,600774,汉商集团,8.8,10.02
2025-05-06,605180,华生科技,13.04,5.08
2025-05-06,688206,概伦电子,22.2,7.87
2025-05-06,688793,倍轻松,28.38,6.64
2025-05-06,920061,西磁科技,35.0,16.45
2025-05-06,920765,美之高,20.42,6.78
2025-05-07,000929,*ST兰黄,6.67,5.04
2025-05-07,002106,莱宝高科,11.05,5.47
2025-05-07,002527,新时达,15.57,7.98
2025-05-07,300157,新锦动力,3.66,8.42
2025-05-07,301040,中环海陆,20.85,6.06
2025-05-07,301206,三元生物,26.66,5.1
2025-05-07,600281,华阳新材,4.64,6.62
2025-05-07,600562,国睿科技,21.88,9.39
2025-05-07,603350,安乃达,33.72,7.39
2025-05-07,688375,国博电子,52.18,8.81
2025-05-08,000880,潍柴重机,35.4,5.27
2025-05-08,002124,天邦食品,3.24,10.12
2025-05-08,300862,蓝盾光电,25.14,9.64
2025-05-08,301129,瑞纳智能,21.21,6.65
2025-05-08,600562,国睿科技,22.95,8.19
2025-05-08,600765,中航重机,16.02,6.74
2025-05-08,603350,安乃达,36.93,7.58
2025-05-09,300862,蓝盾光电,27.9,5.94
2025-05-09,688375,国博电子,59.59,5.66
2025-05-12,000929,*ST兰黄,7.06,5.07
2025-05-12,002273,水晶光电,20.56,6.25
2025-05-12,003021,兆威机电,126.0,7.66
2025-05-12,301023,奕帆传动,64.2,9.87
2025-05-12,301040,中环海陆,22.57,11.18
2025-05-12,301160,翔楼新材,98.0,5.0
2025-05-12,600281,华阳新材,4.43,9.98
2025-05-12,600562,国睿科技,23.81,9.99
2025-05-12,603350,安乃达,37.5,6.68
2025-05-13,300157,新锦动力,3.68,7.97
2025-05-13,920339,恒太照明,11.85,19.12
2025-05-13,920765,美之高,24.0,15.64
2025-05-14,002774,快意电梯,7.81,6.78
2025-05-14,300548,长芯博创,50.21,7.22
2025-05-14,301032,新柴股份,14.1,7.55
2025-05-14,600281,华阳新材,4.7,6.3
2025-05-15,301156,美农生物,19.88,20.02
2025-05-15,600392,盛和资源,12.6,6.67
2025-05-15,600758,辽宁能源,3.56,6.46
2025-05-16,301499,维科精密,24.57,5.08
2025-05-16,600281,华阳新材,4.51,10.02
2025-05-16,603350,安乃达,38.58,10.0
2025-05-19,000929,*ST兰黄,7.49,5.01
2025-05-19,300807,天迈科技,40.5,6.25
2025-05-19,301023,奕帆传动,68.76,5.24
2025-05-19,600281,华阳新材,5.2,10.1
2025-05-19,601018,宁波港,3.69,10.03
2025-05-20,002867,周大生,13.54,5.1
2025-05-20,300347,泰格医药,42.42,6.76
2025-05-20,300572,安车检测,18.94,7.6
2025-05-20,301156,美农生物,22.01,13.81
2025-05-20,600281,华阳新材,5.7,6.12
2025-05-20,603150,万朗磁塑,32.44,9.99
2025-05-20,603725,天安新材,7.19,10.01
2025-05-20,688639,华恒生物,28.79,5.08
2025-05-20,688793,倍轻松,31.4,6.51
2025-05-21,000550,江铃汽车,20.4,6.65
2025-05-21,300321,同大股份,31.15,10.69
2025-05-21,301206,三元生物,30.3,5.07
2025-05-21,600758,辽宁能源,3.76,5.05
2025-05-21,688356,键凯科技,61.8,5.7
2025-05-21,688793,倍轻松,33.0,6.94
2025-05-22,600562,国睿科技,24.4,7.39
2025-05-22,603070,万控智造,13.31,8.01
2025-05-22,603725,天安新材,7.96,6.72
2025-05-22,688176,亚虹医药-U,7.9,12.26
2025-05-23,300347,泰格医药,45.08,5.64
2025-05-26,920190,雷神科技,36.8,9.8
2025-05-27,603683,晶华新材,14.26,6.64
2025-05-27,688356,键凯科技,63.69,7.89
2025-05-27,688687,凯因科技,26.27,5.29
2025-05-28,002867,周大生,14.77,10.03
2025-05-28,300422,博世科,4.99,20.0
2025-05-28,300548,长芯博创,46.4,6.08
2025-05-28,603150,万朗磁塑,35.56,5.28
2025-05-29,000550,江铃汽车,20.8,5.59
2025-05-29,002015,协鑫能科,7.32,9.97
2025-05-29,003005,竞业达,20.33,5.56
2025-05-29,300284,苏交科,8.66,5.54
2025-05-29,300310,宜通世纪,6.02,5.67
2025-05-29,300321,同大股份,30.4,14.38
2025-05-29,300422,博世科,5.71,8.16
2025-05-29,300651,金陵体育,14.56,5.35
2025-05-29,300807,天迈科技,42.0,5.36
2025-05-29,301091,深城交,34.23,9.84
2025-05-29,301129,瑞纳智能,22.81,5.0
2025-05-29,603150,万朗磁塑,35.9,5.35
2025-05-29,603516,淳中科技,33.3,6.22
2025-05-29,688176,亚虹医药-U,8.15,7.49
2025-05-29,688206,概伦电子,25.73,20.01
2025-05-29,688356,键凯科技,73.4,11.44
2025-05-29,688488,艾迪药业,11.56,7.01
2025-05-29,688687,凯因科技,27.85,5.07
2025-05-30,300651,金陵体育,15.69,12.06
2025-05-30,301091,深城交,37.49,5.89
2025-05-30,301372,科净源,22.04,5.86
2025-05-30,600326,西藏天路,7.23,5.7
2025-05-30,688488,艾迪药业,12.25,11.96
2025-06-03,300572,安车检测,18.87,6.15
2025-06-03,300651,金陵体育,18.51,20.0
2025-06-03,603855,华荣股份,19.3,7.16
2025-06-03,688206,概伦电子,28.19,9.81
2025-06-03,688356,键凯科技,75.25,5.18
2025-06-03,688793,倍轻松,30.57,5.0
2025-06-04,001914,招商积余,11.78,5.67
2025-06-04,002116,中国海诚,10.15,5.5
2025-06-04,002615,哈尔斯,7.27,10.03
2025-06-04,300157,新锦动力,3.67,6.28
2025-06-04,300347,泰格医药,49.97,6.0
2025-06-04,300651,金陵体育,23.0,20.0
2025-06-04,600392,盛和资源,11.9,5.42
2025-06-04,600774,汉商集团,8.72,5.85
2025-06-04,603151,邦基科技,15.82,10.03
2025-06-04,603855,华荣股份,20.5,6.24
2025-06-05,000880,潍柴重机,31.38,6.15
2025-06-05,001380,华纬科技,20.1,5.02
2025-06-05,300548,长芯博创,48.91,9.17
2025-06-05,300651,金陵体育,25.58,20.02
2025-06-05,301179,泽宇智能,13.65,8.04
2025-06-05,301590,优优绿能,150.01,68.64
2025-06-05,688793,倍轻松,32.3,9.1
2025-06-06,003043,华亚智能,53.8,5.63
2025-06-06,300651,金陵体育,29.5,8.92
2025-06-06,688793,倍轻松,35.45,6.36
2025-06-09,002015,协鑫能科,8.6,6.22
2025-06-09,300651,金陵体育,30.5,15.31
2025-06-09,300752,隆利科技,19.14,5.59
2025-06-09,600281,华阳新材,5.15,8.2
2025-06-09,600562,国睿科技,26.8,8.83
2025-06-09,603683,晶华新材,14.55,6.6
2025-06-09,603855,华荣股份,21.0,7.25
2025-06-09,688036,传音控股,72.0,6.14
2025-06-09,688793,倍轻松,39.9,6.46
2025-06-09,920061,西磁科技,37.88,5.31
2025-06-10,002274,华昌化工,7.22,6.63
2025-06-10,300422,博世科,5.35,6.08
2025-06-10,300694,蠡湖股份,12.95,9.19
2025-06-10,603019,中科曙光,68.09,10.0
2025-06-10,688488,艾迪药业,14.6,9.62
2025-06-10,920061,西磁科技,40.4,7.81
2025-06-11,002615,哈尔斯,7.69,10.0
2025-06-11,300752,隆利科技,21.21,8.3
2025-06-11,600281,华阳新材,5.37,10.09
2025-06-11,603725,天安新材,7.56,10.04
2025-06-11,920061,西磁科技,39.86,13.15
2025-06-12,002615,哈尔斯,8.96,10.04
2025-06-12,002887,绿茵生态,7.99,9.99
2025-06-12,300310,宜通世纪,6.36,5.8
2025-06-12,300548,长芯博创,53.18,6.68
2025-06-12,300651,金陵体育,32.83,6.54
2025-06-12,600281,华阳新材,6.6,10.0
2025-06-12,688056,莱伯泰科,32.5,5.26
2025-06-12,688593,新相微,15.2,13.23
2025-06-13,002015,协鑫能科,9.74,10.06
2025-06-13,002615,哈尔斯,9.16,9.98
2025-06-13,300157,新锦动力,4.21,20.1
2025-06-13,300548,长芯博创,55.58,7.02
2025-06-13,600281,华阳新材,6.71,10.0
2025-06-13,600562,国睿科技,29.06,6.2
2025-06-16,001296,长江材料,18.47,10.02
2025-06-16,002015,协鑫能科,10.71,9.96
2025-06-16,002269,美邦服饰,1.76,10.17
2025-06-16,002628,成都路桥,4.16,5.78
2025-06-16,002887,绿茵生态,8.02,10.01
2025-06-16,300157,新锦动力,5.3,7.42
2025-06-16,301040,中环海陆,21.39,5.74
2025-06-16,301101,明月镜片,43.19,5.28
2025-06-16,301567,贝隆精密,39.0,5.6
2025-06-16,600281,华阳新材,6.7,5.79
2025-06-16,600326,西藏天路,8.26,8.1
2025-06-17,002015,协鑫能科,11.78,9.99
2025-06-17,002899,英派斯,22.77,10.0
2025-06-17,300157,新锦动力,4.98,16.77
2025-06-17,301040,中环海陆,23.01,7.37
2025-06-17,301567,贝隆精密,41.95,9.91
2025-06-17,600281,华阳新材,7.3,10.03
2025-06-17,600876,凯盛新能,9.85,5.77
2025-06-17,603151,邦基科技,18.83,9.99
2025-06-18,002015,协鑫能科,12.8,10.02
2025-06-18,300936,中英科技,34.92,5.19
2025-06-18,301040,中环海陆,24.0,6.12
2025-06-18,603151,邦基科技,20.71,9.98
2025-06-18,688036,传音控股,75.6,6.03
2025-06-18,688603,天承科技,43.64,5.18
2025-06-18,920357,雅葆轩,24.96,5.56
2025-06-19,300157,新锦动力,5.56,8.75
2025-06-19,301160,翔楼新材,77.58,5.3
2025-06-20,600876,凯盛新能,10.62,9.97
2025-06-20,603151,邦基科技,19.68,7.29
2025-06-20,603948,建业股份,17.95,9.98
2025-06-23,300157,新锦动力,5.82,13.05
2025-06-23,301101,明月镜片,45.0,10.0
2025-06-23,600326,西藏天路,8.13,5.2
2025-06-23,603948,建业股份,21.57,9.99
2025-06-23,920357,雅葆轩,24.16,5.52
2025-06-24,002747,埃斯顿,19.05,5.16
2025-06-24,003021,兆威机电,99.2,7.26
2025-06-24,300310,宜通世纪,6.74,10.22
2025-06-24,300403,汉宇集团,14.13,8.24
2025-06-24,300488,恒锋工具,30.01,6.92
2025-06-24,300694,蠡湖股份,13.96,5.54
2025-06-24,300807,天迈科技,40.24,5.81
2025-06-24,300811,铂科新材,41.24,5.45
2025-06-24,301023,奕帆传动,40.0,7.06
2025-06-24,301040,中环海陆,25.2,8.34
2025-06-24,301091,深城交,26.85,6.86
2025-06-24,301160,翔楼新材,75.5,6.41
2025-06-24,301590,优优绿能,151.0,9.96
2025-06-24,603151,邦基科技,20.68,10.01
2025-06-24,603948,建业股份,23.73,10.01
2025-06-24,688408,中信博,45.0,5.59
2025-06-24,688478,晶升股份,28.62,5.62
2025-06-24,688639,华恒生物,31.49,5.74
2025-06-24,920357,雅葆轩,25.82,5.27
2025-06-25,000880,潍柴重机,36.6,8.45
2025-06-25,002015,协鑫能科,11.04,5.04
2025-06-25,002736,国信证券,11.33,5.15
2025-06-25,300694,蠡湖股份,14.43,6.4
2025-06-25,300787,海能实业,12.99,8.63
2025-06-25,301032,新柴股份,12.54,8.76
2025-06-25,301160,翔楼新材,80.38,5.53
2025-06-25,600435,北方导航,11.81,9.99
2025-06-25,601099,太平洋,3.77,5.84
2025-06-26,001296,长江材料,19.62,6.11
2025-06-26,600435,北方导航,14.29,10.01
2025-06-26,603948,建业股份,22.88,10.01
2025-06-27,300811,铂科新材,43.5,6.24
2025-06-27,301173,毓恬冠佳,44.32,6.73
2025-06-27,600281,华阳新材,6.29,9.97
2025-06-27,603683,晶华新材,14.25,6.78
2025-06-27,603725,天安新材,8.2,5.17
2025-06-27,920357,雅葆轩,26.68,10.21
2025-06-30,002015,协鑫能科,13.84,10.03
2025-06-30,300157,新锦动力,4.9,6.94
2025-06-30,300347,泰格医药,50.76,5.58
2025-06-30,301129,瑞纳智能,24.0,20.02
2025-06-30,600281,华阳新材,6.99,7.75
2025-06-30,600435,北方导航,13.97,10.02
2025-06-30,600562,国睿科技,28.89,9.99
2025-06-30,605180,华生科技,13.56,10.04
2025-06-30,688206,概伦电子,29.0,7.54
2025-06-30,688488,艾迪药业,12.8,7.53
2025-07-01,000056,皇庭国际,3.12,9.97
2025-07-01,603683,晶华新材,14.56,5.45
2025-07-01,688176,亚虹医药-U,8.91,6.76
2025-07-01,688488,艾迪药业,13.85,6.35
2025-07-02,002459,晶澳科技,9.88,7.43
2025-07-02,301170,锡南科技,26.8,6.0
2025-07-02,301206,三元生物,29.04,10.28
2025-07-02,600876,凯盛新能,10.98,10.04
2025-07-02,603811,诚意药业,10.25,10.0
2025-07-03,002899,英派斯,23.32,5.19
2025-07-03,603151,邦基科技,19.76,9.98
2025-07-03,603811,诚意药业,10.81,10.05
2025-07-04,002015,协鑫能科,13.02,7.23
2025-07-04,300529,健帆生物,21.62,7.51
2025-07-04,300936,中英科技,39.01,5.91
2025-07-04,603213,镇洋发展,11.28,6.1
2025-07-08,000655,金岭矿业,7.95,9.95
2025-07-08,001296,长江材料,19.04,9.98
2025-07-08,002218,拓日新能,3.35,10.06
2025-07-08,002377,国创高新,3.1,10.06
2025-07-08,002459,晶澳科技,10.33,5.71
2025-07-08,300347,泰格医药,52.94,6.47
2025-07-08,300572,安车检测,21.13,5.44
2025-07-08,301030,仕净科技,17.88,11.1
2025-07-08,301577,美信科技,59.86,6.11
2025-07-08,600876,凯盛新能,12.29,9.99
2025-07-08,603328,依顿电子,9.89,5.34
2025-07-08,688408,中信博,44.98,5.27
2025-07-08,688603,天承科技,43.16,6.09
2025-07-08,920357,雅葆轩,26.04,6.99
2025-07-09,000655,金岭矿业,8.88,10.04
2025-07-09,002218,拓日新能,4.08,9.68
2025-07-09,002269,美邦服饰,1.88,10.0
2025-07-09,300548,长芯博创,61.9,5.03
2025-07-09,603081,大丰实业,11.98,10.01
2025-07-09,603151,邦基科技,21.48,6.0
2025-07-09,603683,晶华新材,16.98,6.93
2025-07-10,000031,大悦城,2.83,5.65
2025-07-10,000655,金岭矿业,9.0,10.02
2025-07-10,002218,拓日新能,4.27,10.05
2025-07-10,002459,晶澳科技,10.75,9.96
2025-07-10,002628,成都路桥,4.47,10.04
2025-07-10,003005,竞业达,19.47,10.02
2025-07-10,300548,长芯博创,68.51,15.07
2025-07-10,600251,冠农股份,7.64,6.82
2025-07-10,600392,盛和资源,13.35,5.86
2025-07-10,603516,淳中科技,35.89,5.86
2025-07-11,600281,华阳新材,6.79,10.01
2025-07-11,600392,盛和资源,14.38,9.18
2025-07-11,920061,西磁科技,41.8,11.42
2025-07-14,000880,潍柴重机,35.39,10.0
2025-07-14,002527,新时达,14.57,10.03
2025-07-14,301160,翔楼新材,52.48,9.58
2025-07-14,603081,大丰实业,12.25,9.97
2025-07-14,603350,安乃达,36.0,10.01
2025-07-14,603516,淳中科技,36.56,5.97
2025-07-14,603811,诚意药业,10.68,9.97
2025-07-14,688176,亚虹医药-U,9.99,17.32
2025-07-14,688356,键凯科技,72.3,5.68
2025-07-14,688565,力源科技,9.51,5.07
2025-07-15,000880,潍柴重机,39.0,9.99
2025-07-15,002131,利欧股份,3.47,9.91
2025-07-15,300807,天迈科技,39.9,6.32
2025-07-15,603039,泛微网络,53.69,10.0
2025-07-15,603811,诚意药业,11.27,9.97
2025-07-15,688639,华恒生物,33.43,5.22
2025-07-16,000880,潍柴重机,44.88,10.0
2025-07-16,002774,快意电梯,9.32,9.98
2025-07-16,300548,长芯博创,81.22,8.72
2025-07-16,300572,安车检测,21.88,6.31
2025-07-16,600566,济川药业,26.35,5.21
2025-07-16,603039,泛微网络,61.2,5.18
2025-07-16,603516,淳中科技,39.45,7.55
2025-07-16,688408,中信博,46.28,8.16
2025-07-17,301552,科力装备,37.82,5.42
2025-07-17,600326,西藏天路,9.1,7.46
2025-07-17,600562,国睿科技,28.65,8.46
2025-07-17,600774,汉商集团,9.0,9.97
2025-07-17,603683,晶华新材,18.05,7.11
2025-07-17,688176,亚虹医药-U,11.27,7.4
2025-07-17,688375,国博电子,57.9,6.47
2025-07-17,688603,天承科技,44.1,5.14
2025-07-17,688687,凯因科技,27.28,7.7
2025-07-18,600392,盛和资源,16.0,5.78
2025-07-18,600774,汉商集团,10.92,9.97
2025-07-18,603516,淳中科技,42.4,6.92
2025-07-18,688356,键凯科技,82.44,11.95
2025-07-18,688687,凯因科技,29.48,8.4
2025-07-21,002131,利欧股份,3.77,5.96
2025-07-21,002302,西部建设,6.62,9.95
2025-07-21,002628,成都路桥,5.37,9.94
2025-07-21,002945,华林证券,15.03,7.01
2025-07-21,003021,兆威机电,116.8,6.63
2025-07-21,300284,苏交科,9.23,5.89
2025-07-21,300470,中密控股,37.88,5.04
2025-07-21,600326,西藏天路,10.54,10.02
2025-07-21,600392,盛和资源,17.33,9.98
2025-07-21,603151,邦基科技,22.47,10.02
2025-07-21,603213,镇洋发展,13.2,5.74
2025-07-21,603516,淳中科技,44.91,10.0
2025-07-21,688356,键凯科技,94.99,20.0
2025-07-21,688565,力源科技,9.74,5.06
2025-07-21,920839,万通液压,30.4,11.53
2025-07-22,002302,西部建设,7.29,9.95
2025-07-22,003043,华亚智能,41.26,5.53
2025-07-22,300488,恒锋工具,35.48,6.9
2025-07-22,600326,西藏天路,11.59,9.96
2025-07-22,603151,邦基科技,24.59,7.77
2025-07-22,603213,镇洋发展,13.83,8.57
2025-07-22,603683,晶华新材,18.9,6.81
2025-07-22,920839,万通液压,33.62,8.01
2025-07-23,002736,国信证券,12.44,5.14
2025-07-23,300811,铂科新材,50.1,6.98
2025-07-23,600326,西藏天路,12.75,10.01
2025-07-23,600774,汉商集团,9.8,9.97
2025-07-23,688375,国博电子,62.95,6.71
2025-07-23,688478,晶升股份,30.8,5.06
2025-07-23,688603,天承科技,46.23,5.42
2025-07-24,002736,国信证券,13.03,7.95
2025-07-24,002887,绿茵生态,8.39,10.02
2025-07-24,300811,铂科新材,56.5,7.65
2025-07-24,600326,西藏天路,14.03,10.04
2025-07-24,600435,北方导航,14.65,7.24
2025-07-24,688408,中信博,49.51,5.35
2025-07-25,002362,汉王科技,23.0,10.02
2025-07-25,002527,新时达,16.18,7.42
2025-07-25,002774,快意电梯,9.28,5.38
2025-07-25,003005,竞业达,21.35,10.0
2025-07-25,600326,西藏天路,15.43,9.98
2025-07-25,600392,盛和资源,20.84,7.19
2025-07-25,603281,江瀚新材,24.61,5.25
2025-07-25,603725,天安新材,8.55,10.05
2025-07-25,688603,天承科技,49.88,5.16
2025-07-28,300787,海能实业,13.95,7.36
2025-07-28,600392,盛和资源,22.35,10.02
2025-07-28,600435,北方导航,15.68,5.65
2025-07-28,603725,天安新材,9.42,5.84
2025-07-28,688403,汇成股份,10.11,7.52
2025-07-28,688488,艾迪药业,14.99,7.24
2025-07-28,688603,天承科技,53.8,7.27
2025-07-29,002774,快意电梯,10.16,10.0
2025-07-29,002887,绿茵生态,8.53,9.95
2025-07-29,002899,英派斯,22.72,5.99
2025-07-29,300347,泰格医药,62.97,8.8
2025-07-29,300548,长芯博创,84.58,9.8
2025-07-29,300572,安车检测,23.19,11.87
2025-07-29,300651,金陵体育,24.38,6.06
2025-07-29,301160,翔楼新材,59.09,8.91
2025-07-29,301372,科净源,26.16,20.02
2025-07-29,600326,西藏天路,15.4,10.03
2025-07-29,600435,北方导航,16.3,7.23
2025-07-29,600579,中化装备,9.2,10.05
2025-07-29,688206,概伦电子,30.56,5.01
2025-07-29,688603,天承科技,55.8,12.32
2025-07-30,002675,东诚药业,16.28,10.0
2025-07-30,300157,新锦动力,4.88,8.07
2025-07-30,300651,金陵体育,25.82,6.63
2025-07-30,600579,中化装备,10.12,10.0
2025-07-30,603516,淳中科技,51.65,6.99
2025-07-30,688176,亚虹医药-U,11.38,6.63
2025-07-30,688766,普冉股份,65.39,6.21
2025-07-31,300807,天迈科技,42.45,6.78
2025-07-31,300966,共同药业,21.2,19.99
2025-07-31,600326,西藏天路,17.86,6.92
2025-07-31,600579,中化装备,11.13,9.98
2025-07-31,600774,汉商集团,11.33,10.0
2025-07-31,603516,淳中科技,56.39,10.0
2025-07-31,603683,晶华新材,20.03,7.19
2025-07-31,603811,诚意药业,12.1,5.05
2025-08-01,300966,共同药业,26.26,8.41
2025-08-01,600774,汉商集团,11.72,9.97
2025-08-01,603150,万朗磁塑,32.8,7.45
2025-08-01,603516,淳中科技,63.49,10.0
2025-08-01,603725,天安新材,9.45,5.43
2025-08-01,688639,华恒生物,33.58,5.39
2025-08-04,003021,兆威机电,108.55,5.3
2025-08-04,300218,安利股份,15.56,9.45
2025-08-04,300966,共同药业,25.01,6.18
2025-08-04,603150,万朗磁塑,35.35,10.0
2025-08-04,603683,晶华新材,21.56,8.49
2025-08-04,603811,诚意药业,12.74,9.98
2025-08-04,688036,传音控股,79.91,7.33
2025-08-04,688161,威高骨科,29.22,6.08
2025-08-04,688403,汇成股份,10.85,5.75
2025-08-04,688488,艾迪药业,15.87,6.57
2025-08-05,002747,埃斯顿,21.83,7.0
2025-08-05,300218,安利股份,18.44,12.14
2025-08-05,300548,长芯博创,86.49,13.44
2025-08-05,300787,海能实业,14.26,6.3
2025-08-05,300807,天迈科技,48.2,6.0
2025-08-05,301040,中环海陆,27.0,6.11
2025-08-05,301173,毓恬冠佳,45.32,8.5
2025-08-05,301179,泽宇智能,15.36,13.97
2025-08-05,603516,淳中科技,67.11,10.01
2025-08-05,603683,晶华新材,23.7,5.22
2025-08-05,603811,诚意药业,14.57,10.04
2025-08-05,688565,力源科技,10.39,7.7
2025-08-05,688639,华恒生物,35.37,5.04
2025-08-06,001380,华纬科技,20.84,10.02
2025-08-06,003021,兆威机电,115.8,5.39
2025-08-06,300572,安车检测,26.0,19.99
2025-08-06,301129,瑞纳智能,26.88,5.19
2025-08-06,301552,科力装备,40.61,7.62
2025-08-06,600435,北方导航,17.0,6.28
2025-08-06,600562,国睿科技,30.12,5.08
2025-08-06,603150,万朗磁塑,38.93,7.89
2025-08-06,603213,镇洋发展,12.85,5.68
2025-08-06,603516,淳中科技,73.6,8.6
2025-08-06,603725,天安新材,9.93,7.1
2025-08-06,603811,诚意药业,15.47,5.41
2025-08-06,688056,莱伯泰科,36.99,6.33
2025-08-07,001380,华纬科技,25.12,9.98
2025-08-07,002377,国创高新,3.25,10.13
2025-08-07,300218,安利股份,19.48,6.4
2025-08-07,301129,瑞纳智能,28.01,20.01
2025-08-07,600392,盛和资源,20.8,7.36
2025-08-07,603516,淳中科技,79.3,10.0
2025-08-07,688403,汇成股份,11.65,5.02
2025-08-07,920061,西磁科技,41.1,5.33
2025-08-08,002302,西部建设,6.39,9.98
2025-08-08,002774,快意电梯,11.05,6.96
2025-08-08,300218,安利股份,21.4,13.26
2025-08-08,300862,蓝盾光电,25.81,6.61
2025-08-08,600326,西藏天路,15.07,7.41
2025-08-08,603811,诚意药业,15.26,10.0
2025-08-08,605180,华生科技,15.11,9.98
2025-08-11,000880,潍柴重机,43.91,10.0
2025-08-11,002131,利欧股份,3.85,5.24
2025-08-11,002302,西部建设,7.48,10.07
2025-08-11,300752,隆利科技,20.06,20.0
2025-08-11,603516,淳中科技,91.34,5.99
2025-08-11,688356,键凯科技,93.9,7.09
2025-08-11,688603,天承科技,64.2,13.38
2025-08-11,688687,凯因科技,34.58,5.94
2025-08-12,002686,亿利达,7.03,5.26
2025-08-12,301173,毓恬冠佳,47.8,12.11
2025-08-12,301590,优优绿能,156.0,6.07
2025-08-12,688584,上海合晶,19.2,20.0
2025-08-13,300548,长芯博创,92.23,5.28
2025-08-13,300811,铂科新材,57.05,7.36
2025-08-13,603035,常熟汽饰,13.8,6.6
2025-08-13,603516,淳中科技,93.11,10.0
2025-08-13,688176,亚虹医药-U,11.38,7.68
2025-08-13,688337,普源精电,36.47,6.99
2025-08-13,688403,汇成股份,13.6,5.0
2025-08-13,688488,艾迪药业,15.48,7.56
2025-08-13,688584,上海合晶,23.5,14.52
2025-08-14,000056,皇庭国际,2.61,7.3
2025-08-14,002628,成都路桥,5.11,7.09
2025-08-14,603019,中科曙光,70.0,6.24
2025-08-14,603350,安乃达,39.78,10.01
2025-08-14,603516,淳中科技,106.0,6.05
2025-08-14,603683,晶华新材,23.12,6.81
2025-08-14,688603,天承科技,71.11,8.58
2025-08-15,002459,晶澳科技,10.81,7.28
2025-08-15,300572,安车检测,24.25,5.28
2025-08-15,300811,铂科新材,59.32,9.58
2025-08-15,301040,中环海陆,27.95,6.56
2025-08-15,601099,太平洋,4.07,5.64
2025-08-15,603035,常熟汽饰,14.82,5.36
2025-08-15,603516,淳中科技,108.24,6.16
2025-08-15,688408,中信博,48.79,7.25
2025-08-15,688584,上海合晶,23.7,9.75
2025-08-15,688603,天承科技,76.99,5.69
2025-08-18,000880,潍柴重机,49.29,8.69
2025-08-18,002131,利欧股份,4.06,9.9
2025-08-18,002273,水晶光电,22.36,5.82
2025-08-18,002945,华林证券,16.04,6.09
2025-08-18,300413,芒果超媒,24.06,16.98
2025-08-18,300548,长芯博创,92.27,7.84
2025-08-18,300811,铂科新材,68.4,17.23
2025-08-18,301590,优优绿能,164.59,6.22
2025-08-18,600326,西藏天路,16.2,6.37
2025-08-18,600392,盛和资源,23.7,9.4
2025-08-18,600615,鑫源智造,12.96,5.02
2025-08-18,603281,江瀚新材,25.51,5.97
2025-08-18,603516,淳中科技,117.3,10.0
2025-08-18,688206,概伦电子,32.83,8.61
2025-08-18,688478,晶升股份,36.69,5.63
2025-08-18,688593,新相微,17.6,5.18
2025-08-18,688603,天承科技,94.96,20.0
2025-08-18,688766,普冉股份,68.09,8.23
2025-08-18,920357,雅葆轩,25.85,6.45
2025-08-18,920839,万通液压,30.5,11.84
2025-08-19,002131,利欧股份,4.66,9.91
2025-08-19,300948,冠中生态,11.48,6.98
2025-08-19,301032,新柴股份,14.26,5.13
2025-08-19,603213,镇洋发展,13.88,10.0
2025-08-19,603811,诚意药业,15.3,10.01
2025-08-19,688478,晶升股份,38.65,8.74
2025-08-19,920029,开发科技,95.8,5.36
2025-08-19,920839,万通液压,35.5,16.41
2025-08-20,000880,潍柴重机,51.06,5.24
2025-08-20,000929,*ST兰黄,8.17,5.02
2025-08-20,002273,水晶光电,23.65,7.94
2025-08-20,300548,长芯博创,98.26,6.04
2025-08-20,300752,隆利科技,23.79,8.59
2025-08-20,301173,毓恬冠佳,53.49,8.37
2025-08-20,600615,鑫源智造,13.64,7.18
2025-08-20,603551,奥普科技,11.34,5.73
2025-08-20,688584,上海合晶,24.7,12.46
2025-08-20,920839,万通液压,39.3,30.0
2025-08-21,300157,新锦动力,5.45,5.9
2025-08-21,301040,中环海陆,29.25,8.65
2025-08-21,688766,普冉股份,73.47,5.27
2025-08-22,002180,纳思达,24.69,7.45
2025-08-22,600728,佳都科技,6.82,10.0
2025-08-22,603019,中科曙光,76.61,10.0
2025-08-22,688206,概伦电子,34.91,10.04
2025-08-25,002015,协鑫能科,12.34,5.76
2025-08-25,300218,安利股份,21.46,11.74
2025-08-25,300413,芒果超媒,25.53,6.11
2025-08-25,300548,长芯博创,104.35,14.89
2025-08-25,300811,铂科新材,70.89,6.14
2025-08-25,301040,中环海陆,31.48,9.08
2025-08-25,301590,优优绿能,168.5,12.02
2025-08-25,600728,佳都科技,7.5,9.97
2025-08-25,603019,中科曙光,91.11,10.0
2025-08-25,603151,邦基科技,24.76,5.69
2025-08-25,688488,艾迪药业,17.1,5.87
2025-08-26,001296,长江材料,20.85,10.0
2025-08-26,002131,利欧股份,4.78,9.94
2025-08-26,002273,水晶光电,26.52,6.37
2025-08-26,301091,深城交,32.21,5.03
2025-08-26,603151,邦基科技,25.65,5.42
2025-08-27,001296,长江材料,23.4,10.0
2025-08-27,300218,安利股份,23.2,13.05
2025-08-27,300548,长芯博创,122.15,12.49
2025-08-27,603948,建业股份,21.76,9.99
2025-08-28,000929,*ST兰黄,8.4,5.04
2025-08-28,002749,国光股份,15.2,6.18
2025-08-28,300548,长芯博创,135.0,18.84
2025-08-28,300811,铂科新材,71.49,8.33
2025-08-28,301040,中环海陆,35.51,12.66
2025-08-28,603516,淳中科技,106.0,6.12
2025-08-28,603948,建业股份,25.3,10.0
2025-08-28,688056,莱伯泰科,37.77,5.7
2025-08-28,688206,概伦电子,34.73,5.74
2025-08-28,688488,艾迪药业,16.91,5.39
2025-08-29,000056,皇庭国际,2.63,5.3
2025-08-29,002887,绿茵生态,8.85,5.97
2025-08-29,301590,优优绿能,181.01,7.51
2025-08-29,600392,盛和资源,25.13,9.24
2025-08-29,600435,北方导航,16.49,5.79
2025-08-29,603948,建业股份,29.17,9.99
2025-08-29,688036,传音控股,83.92,7.17
2025-08-29,688603,天承科技,90.8,7.78
2025-09-01,001296,长江材料,22.44,10.02
2025-09-01,002131,利欧股份,5.26,10.08
2025-09-01,002269,美邦服饰,1.98,8.5
2025-09-01,300321,同大股份,33.66,8.81
2025-09-01,300811,铂科新材,74.9,6.32
2025-09-01,603151,邦基科技,24.08,9.99
2025-09-01,603350,安乃达,40.98,5.19
2025-09-01,603948,建业股份,32.09,10.01
2025-09-01,688176,亚虹医药-U,11.59,7.94
2025-09-01,688206,概伦电子,37.5,7.38
2025-09-01,688375,国博电子,64.8,7.66
2025-09-02,300403,汉宇集团,15.73,5.54
2025-09-02,601099,太平洋,4.46,6.05
2025-09-03,001380,华纬科技,24.8,10.01
2025-09-03,002269,美邦服饰,2.2,10.05
2025-09-03,920765,美之高,17.68,5.42
2025-09-04,001296,长江材料,23.8,10.0
2025-09-04,002269,美邦服饰,2.65,9.96
2025-09-04,002459,晶澳科技,12.55,8.0
2025-09-04,002945,华林证券,15.95,5.78
2025-09-04,601099,太平洋,4.39,10.11
2025-09-04,688356,键凯科技,97.98,7.6
2025-09-05,002015,协鑫能科,11.84,5.15
2025-09-05,002106,莱宝高科,10.98,9.96
2025-09-05,002712,思美传媒,5.62,5.06
2025-09-05,002887,绿茵生态,9.53,7.17
2025-09-05,300347,泰格医药,63.06,6.66
2025-09-05,300413,芒果超媒,25.61,7.47
2025-09-05,300651,金陵体育,24.68,7.67
2025-09-05,300694,蠡湖股份,12.9,5.04
2025-09-05,301129,瑞纳智能,27.51,7.12
2025-09-05,301590,优优绿能,169.0,8.85
2025-09-05,600392,盛和资源,21.6,5.58
2025-09-05,603081,大丰实业,12.97,5.08
2025-09-05,603328,依顿电子,10.35,5.04
2025-09-05,603683,晶华新材,23.2,10.0
2025-09-05,688032,禾迈股份,112.51,6.51
2025-09-05,688375,国博电子,66.61,6.65
2025-09-05,688408,中信博,46.5,6.37
2025-09-05,688766,普冉股份,71.53,6.77
2025-09-05,920061,西磁科技,40.12,6.44
2025-09-08,002747,埃斯顿,23.56,5.65
2025-09-08,300651,金陵体育,22.83,10.32
2025-09-08,301590,优优绿能,193.85,8.38
2025-09-08,601811,新华文轩,15.82,5.65
2025-09-08,603551,奥普科技,12.47,5.13
2025-09-08,603683,晶华新材,25.16,7.09
2025-09-08,688036,传音控股,83.0,6.05
2025-09-08,688161,威高骨科,31.45,13.04
2025-09-08,920839,万通液压,39.7,5.38
2025-09-09,002239,奥特佳,3.08,10.03
2025-09-09,603516,淳中科技,103.3,10.0
2025-09-09,688036,传音控股,87.89,7.5
2025-09-10,000056,皇庭国际,2.77,8.27
2025-09-10,000880,潍柴重机,45.0,6.24
2025-09-10,002131,利欧股份,5.28,9.96
2025-09-10,002269,美邦服饰,2.59,5.91
2025-09-10,300157,新锦动力,4.74,5.89
2025-09-10,300413,芒果超媒,28.33,5.52
2025-09-10,300651,金陵体育,24.01,9.93
2025-09-10,301590,优优绿能,206.99,5.27
2025-09-10,600615,鑫源智造,12.29,7.36
2025-09-10,603328,依顿电子,10.9,9.98
2025-09-10,603516,淳中科技,120.0,10.0
2025-09-10,688206,概伦电子,33.3,6.25
2025-09-11,002527,新时达,18.51,9.98
2025-09-11,002774,快意电梯,10.63,5.73
2025-09-11,003021,兆威机电,119.0,10.0
2025-09-11,300403,汉宇集团,15.72,6.59
2025-09-11,300548,长芯博创,119.0,8.14
2025-09-11,300811,铂科新材,75.45,12.92
2025-09-11,300936,中英科技,38.0,5.94
2025-09-11,603019,中科曙光,84.5,10.0
2025-09-11,603035,常熟汽饰,14.99,5.69
2025-09-11,603151,邦基科技,26.1,9.99
2025-09-11,603516,淳中科技,129.29,10.0
2025-09-11,688206,概伦电子,35.41,5.48
2025-09-11,688375,国博电子,69.0,16.51
2025-09-11,688478,晶升股份,36.38,8.4
2025-09-11,688593,新相微,16.64,20.0
2025-09-11,688603,天承科技,80.0,10.19
2025-09-11,920765,美之高,18.38,19.29
2025-09-12,002269,美邦服饰,2.72,10.11
2025-09-12,301129,瑞纳智能,29.23,6.42
2025-09-12,603019,中科曙光,94.98,6.39
2025-09-12,603516,淳中科技,140.0,10.0
2025-09-12,603855,华荣股份,20.36,5.23
2025-09-12,688593,新相微,20.0,12.71
2025-09-12,688766,普冉股份,78.79,10.8
2025-09-15,300413,芒果超媒,29.44,8.87
2025-09-15,300572,安车检测,24.8,11.52
2025-09-15,600615,鑫源智造,13.0,5.61
2025-09-16,002131,利欧股份,5.94,6.68
2025-09-16,002362,汉王科技,23.48,6.47
2025-09-16,002899,英派斯,20.44,5.75
2025-09-16,300403,汉宇集团,16.35,7.78
2025-09-16,300752,隆利科技,23.33,5.4
2025-09-16,301023,奕帆传动,42.63,5.07
2025-09-16,301160,翔楼新材,63.98,5.7
2025-09-16,603019,中科曙光,106.0,8.8
2025-09-16,603516,淳中科技,142.8,10.0
2025-09-16,603683,晶华新材,27.5,10.0
2025-09-16,688478,晶升股份,37.35,5.38
2025-09-16,688593,新相微,22.88,8.22
2025-09-16,688766,普冉股份,98.0,20.0
2025-09-16,920765,美之高,21.47,10.71
2025-09-17,300572,安车检测,27.2,5.77
2025-09-17,603516,淳中科技,160.52,8.12
2025-09-17,603725,天安新材,10.01,10.04
2025-09-17,920839,万通液压,40.6,12.41
2025-09-18,300548,长芯博创,119.01,6.54
2025-09-18,603683,晶华新材,31.03,6.39
2025-09-18,688403,汇成股份,13.74,14.16
2025-09-18,688593,新相微,23.95,5.87
2025-09-19,002739,万达电影,11.71,10.04
2025-09-19,003043,华亚智能,52.2,6.15
2025-09-19,600562,国睿科技,28.8,9.99
2025-09-19,920022,世昌股份,48.22,271.56
2025-09-22,002239,奥特佳,3.26,10.12
2025-09-22,300321,同大股份,39.81,5.88
2025-09-22,301091,深城交,31.23,7.32
2025-09-22,301567,贝隆精密,42.02,5.51
2025-09-22,600728,佳都科技,7.33,5.47
2025-09-22,603019,中科曙光,107.8,10.0
2025-09-22,688206,概伦电子,36.0,7.33
2025-09-22,920339,恒太照明,10.48,5.01
2025-09-23,600640,国脉文化,12.53,9.68
2025-09-23,603035,常熟汽饰,16.19,10.03
2025-09-23,603683,晶华新材,33.5,10.01
2025-09-23,688206,概伦电子,38.6,16.79
2025-09-24,000550,江铃汽车,21.26,5.11
2025-09-24,002015,协鑫能科,11.5,9.97
2025-09-24,300347,泰格医药,57.99,5.54
2025-09-24,300936,中英科技,38.04,6.02
2025-09-24,301040,中环海陆,21.17,5.63
2025-09-24,301091,深城交,32.98,5.18
2025-09-24,603035,常熟汽饰,17.39,5.21
2025-09-24,688403,汇成股份,16.08,15.84
2025-09-24,688584,上海合晶,25.45,5.26
2025-09-24,688653,康希通信,12.9,5.17
2025-09-24,920765,美之高,21.6,10.65
2025-09-25,002180,纳思达,22.87,10.02
2025-09-25,300413,芒果超媒,32.48,8.47
2025-09-25,301590,优优绿能,194.45,9.8
2025-09-25,603019,中科曙光,117.99,6.76
2025-09-25,688036,传音控股,97.18,5.86
2025-09-26,300157,新锦动力,4.62,8.46
2025-09-26,301590,优优绿能,217.0,5.33
2025-09-29,300948,冠中生态,13.44,20.0
2025-09-29,603516,淳中科技,154.0,6.92
2025-09-30,300321,同大股份,39.29,5.17
2025-09-30,300811,铂科新材,76.24,12.44
2025-09-30,300948,冠中生态,16.13,20.01
2025-09-30,301590,优优绿能,217.51,8.36
2025-09-30,600562,国睿科技,31.59,10.0
2025-09-30,688478,晶升股份,38.99,9.99
2025-09-30,688766,普冉股份,105.3,10.29
2025-10-09,000655,金岭矿业,9.54,10.01
2025-10-09,002131,利欧股份,5.71,6.74
2025-10-09,002273,水晶光电,27.0,7.22
2025-10-09,002302,西部建设,6.73,5.31
2025-10-09,002628,成都路桥,4.68,7.48
2025-10-09,003005,竞业达,20.6,10.01
2025-10-09,300349,金卡智能,12.46,6.14
2025-10-09,300948,冠中生态,19.36,20.02
2025-10-09,600392,盛和资源,23.78,9.41
2025-10-09,688337,普源精电,39.0,5.35
2025-10-09,688653,康希通信,13.85,10.49
2025-10-09,688766,普冉股份,118.0,6.18
2025-10-09,920029,开发科技,91.31,5.02
2025-10-09,920061,西磁科技,36.48,6.46
2025-10-10,000056,皇庭国际,2.12,5.51
2025-10-10,002736,国信证券,13.45,5.94
2025-10-10,300948,冠中生态,20.81,13.43
2025-10-10,301179,泽宇智能,16.77,7.89
2025-10-10,600251,冠农股份,8.56,7.24
2025-10-10,603035,常熟汽饰,17.54,7.94
2025-10-10,603516,淳中科技,151.0,6.19
2025-10-13,300321,同大股份,38.55,5.71
2025-10-13,600392,盛和资源,24.6,8.81
2025-10-13,603516,淳中科技,150.88,10.0
2025-10-13,688206,概伦电子,44.8,7.02
2025-10-13,920061,西磁科技,38.0,11.81
2025-10-13,920839,万通液压,42.0,6.52
2025-10-14,002459,晶澳科技,13.07,7.03
2025-10-14,300948,冠中生态,18.51,6.55
2025-10-15,301040,中环海陆,22.69,6.08
2025-10-15,600392,盛和资源,26.7,5.04
2025-10-15,603035,常熟汽饰,17.22,6.68
2025-10-15,603150,万朗磁塑,38.23,8.17
2025-10-15,603725,天安新材,10.03,10.03
2025-10-15,688766,普冉股份,100.98,8.61
2025-10-15,920839,万通液压,47.41,21.67
2025-10-16,301577,美信科技,59.88,7.29
2025-10-20,001314,亿道信息,56.03,9.99
2025-10-20,301567,贝隆精密,38.5,7.14
2025-10-20,600758,辽宁能源,4.19,10.1
2025-10-21,000031,大悦城,3.21,5.3
2025-10-21,300157,新锦动力,5.0,8.21
2025-10-21,300321,同大股份,41.73,6.33
2025-10-21,300811,铂科新材,70.78,7.17
2025-10-21,300812,易天股份,22.96,7.63
2025-10-21,300948,冠中生态,18.87,19.99
2025-10-21,301567,贝隆精密,40.66,5.43
2025-10-21,688603,天承科技,66.25,5.85
2025-10-21,920839,万通液压,50.48,10.61
2025-10-22,300812,易天股份,24.32,6.68
2025-10-22,600640,国脉文化,13.6,6.11
2025-10-23,000655,金岭矿业,9.7,7.58
2025-10-23,300812,易天股份,26.3,8.23
2025-10-23,301499,维科精密,31.0,8.43
2025-10-23,600758,辽宁能源,4.33,10.0
2025-10-23,688337,普源精电,38.1,6.1
2025-10-23,688603,天承科技,72.07,10.16
2025-10-23,920765,美之高,24.5,6.95
2025-10-24,300548,长芯博创,100.05,11.36
2025-10-24,301160,翔楼新材,59.2,6.7
2025-10-24,603019,中科曙光,109.53,5.91
2025-10-24,603160,汇顶科技,78.43,10.0
2025-10-24,688206,概伦电子,39.99,5.0
2025-10-24,688403,汇成股份,15.92,10.01
2025-10-24,688584,上海合晶,23.22,5.09
2025-10-24,688593,新相微,19.8,13.55
2025-10-24,688603,天承科技,78.5,7.6
2025-10-24,688766,普冉股份,124.99,20.0
2025-10-27,300321,同大股份,43.99,7.55
2025-10-27,300548,长芯博创,111.6,5.93
2025-10-27,300572,安车检测,32.01,7.45
2025-10-27,300811,铂科新材,77.75,5.14
2025-10-27,300948,冠中生态,18.65,7.75
2025-10-27,603150,万朗磁塑,38.0,10.01
2025-10-27,603811,诚意药业,12.84,5.28
2025-10-27,688766,普冉股份,158.0,6.32
2025-10-27,920765,美之高,22.85,21.34
2025-10-28,002675,东诚药业,14.57,5.29
2025-10-28,920357,雅葆轩,28.25,5.6
2025-10-29,002459,晶澳科技,12.83,9.97
2025-10-29,300347,泰格医药,54.48,11.09
2025-10-29,301156,美农生物,18.44,7.06
2025-10-29,603516,淳中科技,173.0,10.0
2025-10-29,688337,普源精电,39.6,6.21
2025-10-29,920029,开发科技,92.44,8.29
2025-10-29,920190,雷神科技,27.43,5.48
2025-10-29,920357,雅葆轩,29.66,5.04
2025-10-29,920765,美之高,26.4,8.8
2025-10-29,920839,万通液压,46.08,7.91
2025-10-30,300862,蓝盾光电,22.45,14.15
2025-10-30,688337,普源精电,42.5,14.16
2025-10-30,688375,国博电子,70.5,5.44
2025-10-31,002131,利欧股份,5.01,6.37
2025-10-31,002675,东诚药业,14.78,5.69
2025-10-31,300572,安车检测,33.0,8.86
2025-10-31,600326,西藏天路,11.94,10.0
2025-11-03,002247,聚力文化,2.98,5.7
2025-11-03,300218,安利股份,17.31,7.18
2025-11-03,300807,天迈科技,43.88,5.81
2025-11-03,300812,易天股份,25.01,5.82
2025-11-03,301101,明月镜片,41.44,6.39
2025-11-03,600373,中文传媒,10.46,5.88
2025-11-03,600579,中化装备,8.6,9.96
2025-11-03,603160,汇顶科技,82.17,5.96
2025-11-03,603516,淳中科技,178.0,10.0
2025-11-03,688766,普冉股份,128.09,14.1
2025-11-04,301577,美信科技,62.0,9.13
2025-11-05,300470,中密控股,36.78,6.42
2025-11-05,300812,易天股份,26.61,6.31
2025-11-05,301590,优优绿能,177.6,8.34
2025-11-05,603516,淳中科技,180.0,9.72
2025-11-06,000880,潍柴重机,29.61,5.98
2025-11-06,003021,兆威机电,113.5,5.17
2025-11-06,300403,汉宇集团,14.21,17.4
2025-11-06,301032,新柴股份,13.44,5.81
2025-11-06,600765,中航重机,15.82,7.51
2025-11-06,603019,中科曙光,108.0,7.39
2025-11-06,603516,淳中科技,206.3,10.0
2025-11-06,603948,建业股份,26.1,5.4
2025-11-06,688593,新相微,20.99,10.29
2025-11-07,301372,科净源,28.7,5.11
2025-11-07,603281,江瀚新材,26.7,5.21
2025-11-07,688603,天承科技,81.78,5.43
2025-11-07,688766,普冉股份,144.0,5.46
2025-11-10,002774,快意电梯,9.69,7.53
2025-11-10,300812,易天股份,27.25,7.48
2025-11-10,603948,建业股份,29.1,5.39
2025-11-10,688478,晶升股份,34.69,5.97
2025-11-10,688766,普冉股份,163.0,13.47
2025-11-10,688793,倍轻松,29.58,5.21
2025-11-11,000031,大悦城,3.08,5.84
2025-11-11,002218,拓日新能,4.02,10.13
2025-11-11,300403,汉宇集团,15.5,10.88
2025-11-11,301206,三元生物,28.09,6.81
2025-11-11,603683,晶华新材,27.9,10.0
2025-11-12,002116,中国海诚,10.73,9.98
2025-11-12,300572,安车检测,28.08,8.23
2025-11-12,920765,美之高,25.36,5.81
2025-11-13,603350,安乃达,38.85,6.44
2025-11-13,603948,建业股份,30.0,10.0
2025-11-14,002218,拓日新能,4.28,5.02
2025-11-14,603948,建业股份,32.11,10.0
2025-11-14,688206,概伦电子,33.8,5.9
2025-11-14,688408,中信博,47.88,11.64
2025-11-17,002218,拓日新能,4.89,10.0
2025-11-17,300548,长芯博创,95.01,6.54
2025-11-17,300862,蓝盾光电,25.29,5.58
2025-11-17,688766,普冉股份,153.01,5.0
2025-11-18,002131,利欧股份,5.03,7.66
2025-11-19,300157,新锦动力,5.1,6.09
2025-11-19,301156,美农生物,19.02,7.3
2025-11-20,001380,华纬科技,23.19,5.51
2025-11-20,300310,宜通世纪,6.0,5.99
2025-11-21,001296,长江材料,23.4,10.0
2025-11-21,688036,传音控股,60.61,6.26
2025-11-24,001296,长江材料,25.72,10.0
2025-11-24,002712,思美传媒,5.91,9.17
2025-11-24,300284,苏交科,7.99,6.82
2025-11-24,300572,安车检测,27.3,5.08
2025-11-24,300807,天迈科技,45.0,6.21
2025-11-24,300811,铂科新材,66.33,5.06
2025-11-24,600435,北方导航,13.4,5.45
2025-11-24,600562,国睿科技,26.28,6.53
2025-11-24,688403,汇成股份,13.17,5.42
2025-11-25,001296,长江材料,30.87,10.01
2025-11-25,002362,汉王科技,22.24,7.82
2025-11-25,300548,长芯博创,113.24,13.87
2025-11-25,300811,铂科新材,71.1,10.61
2025-11-25,603000,人民网,19.76,5.61
2025-11-25,688176,亚虹医药-U,9.82,5.1
2025-11-25,688603,天承科技,69.3,6.81
2025-11-26,301040,中环海陆,22.75,19.99
2025-11-27,688206,概伦电子,34.08,8.59
2025-11-28,300321,同大股份,47.78,6.01
2025-11-28,300548,长芯博创,120.01,7.22
2025-11-28,300948,冠中生态,17.11,7.19
2025-11-28,301040,中环海陆,26.97,6.73
2025-11-28,688403,汇成股份,13.91,9.37
2025-11-28,688593,新相微,20.13,5.43
2025-12-01,300812,易天股份,24.36,13.56
2025-12-01,300948,冠中生态,18.05,7.87
2025-12-01,301499,维科精密,27.46,8.93
2025-12-01,301567,贝隆精密,46.44,20.0
2025-12-01,603081,大丰实业,12.24,5.05
2025-12-01,688036,传音控股,64.21,9.41
2025-12-01,920190,雷神科技,25.89,6.02
2025-12-02,002686,亿利达,6.67,10.0
2025-12-02,300862,蓝盾光电,25.75,7.61
2025-12-02,688036,传音控股,72.03,8.47
2025-12-03,002686,亿利达,7.98,10.04
2025-12-03,301040,中环海陆,26.0,11.39
2025-12-03,600281,华阳新材,6.04,10.07
2025-12-04,301040,中环海陆,29.0,5.97
2025-12-04,301160,翔楼新材,62.59,5.66
2025-12-05,002218,拓日新能,3.83,9.9
2025-12-05,688639,华恒生物,32.0,6.93
2025-12-08,300548,长芯博创,123.64,8.71
2025-12-08,300812,易天股份,26.56,11.46
2025-12-08,603516,淳中科技,165.0,6.1
2025-12-08,688403,汇成股份,14.96,6.4
2025-12-08,688478,晶升股份,34.27,7.04
2025-12-09,603516,淳中科技,178.88,10.0
2025-12-09,688603,天承科技,73.02,9.35
2025-12-09,688766,普冉股份,135.0,9.58
2025-12-10,300548,长芯博创,131.96,7.09
2025-12-11,300807,天迈科技,45.0,12.09
2025-12-11,920022,世昌股份,30.59,5.59
2025-12-12,001296,长江材料,25.9,10.0
2025-12-12,002774,快意电梯,8.82,6.74
2025-12-12,300548,长芯博创,130.0,11.58
2025-12-12,301040,中环海陆,31.03,5.18
2025-12-12,688036,传音控股,65.0,5.58
2025-12-12,688375,国博电子,73.0,6.09
2025-12-12,688488,艾迪药业,12.86,6.56
2025-12-12,920839,万通液压,42.8,8.04
2025-12-15,002694,顾地科技,3.82,5.24
2025-12-15,300807,天迈科技,47.67,6.22
2025-12-15,300948,冠中生态,19.03,14.68
2025-12-15,600562,国睿科技,27.15,5.05
2025-12-15,688403,汇成股份,15.82,6.56
2025-12-15,920765,美之高,24.3,9.55
2025-12-16,920022,世昌股份,30.79,5.35
2025-12-16,920765,美之高,27.38,29.97
2025-12-17,001296,长江材料,28.05,6.17
2025-12-17,003005,竞业达,19.16,9.99
2025-12-17,300548,长芯博创,127.36,6.91
2025-12-17,300812,易天股份,26.43,9.08
2025-12-17,603516,淳中科技,192.99,6.52
2025-12-17,688176,亚虹医药-U,10.07,5.5
2025-12-17,688766,普冉股份,121.88,5.33
2025-12-18,300349,金卡智能,13.52,6.26
2025-12-18,600765,中航重机,16.64,6.68
2025-12-19,300651,金陵体育,20.29,6.59
2025-12-19,301040,中环海陆,30.19,9.16
2025-12-19,301499,维科精密,28.85,5.49
2025-12-19,688176,亚虹医药-U,10.51,7.68
2025-12-22,003021,兆威机电,103.55,10.0
2025-12-22,300321,同大股份,45.51,19.9
2025-12-22,300548,长芯博创,146.04,12.68
2025-12-22,301023,奕帆传动,37.18,11.82
2025-12-22,688403,汇成股份,16.77,7.07
2025-12-22,688603,天承科技,74.3,5.51
2025-12-23,603516,淳中科技,209.66,6.01
2025-12-24,000880,潍柴重机,26.11,6.07
2025-12-24,300321,同大股份,43.9,6.59
2025-12-24,300812,易天股份,27.08,11.85
2025-12-24,301030,仕净科技,11.41,7.6
2025-12-24,301590,优优绿能,174.5,5.49
2025-12-24,600281,华阳新材,6.16,5.12
2025-12-24,603516,淳中科技,217.0,5.11
2025-12-25,600765,中航重机,17.55,5.06
2025-12-25,688375,国博电子,73.7,8.67
2025-12-26,002594,比亚迪,95.28,5.45
